-- phpMyAdmin SQL Dump
-- version 5.2.1
-- https://www.phpmyadmin.net/
--
-- Máy chủ: localhost:3306
-- Thời gian đã tạo: Th6 15, 2023 lúc 04:27 AM
-- Phiên bản máy phục vụ: 10.5.20-MariaDB
-- Phiên bản PHP: 7.3.33

SET SQL_MODE = "NO_AUTO_VALUE_ON_ZERO";
START TRANSACTION;
SET time_zone = "+00:00";


/*!40101 SET @OLD_CHARACTER_SET_CLIENT=@@CHARACTER_SET_CLIENT */;
/*!40101 SET @OLD_CHARACTER_SET_RESULTS=@@CHARACTER_SET_RESULTS */;
/*!40101 SET @OLD_COLLATION_CONNECTION=@@COLLATION_CONNECTION */;
/*!40101 SET NAMES utf8mb4 */;

--
-- Cơ sở dữ liệu: `id20806357_website_ban_hang`
--

-- --------------------------------------------------------

--
-- Cấu trúc bảng cho bảng `brand`
--

CREATE TABLE `brand` (
  `brand_id` int(20) NOT NULL,
  `brand_name` varchar(100) NOT NULL,
  `category_id` int(11) NOT NULL
) ENGINE=InnoDB DEFAULT CHARSET=utf8mb4 COLLATE=utf8mb4_vietnamese_ci;

--
-- Đang đổ dữ liệu cho bảng `brand`
--

INSERT INTO `brand` (`brand_id`, `brand_name`, `category_id`) VALUES
(15, 'Asus', 18),
(19, 'MSI', 20),
(21, 'Gigabyte', 18),
(22, 'Intel', 17),
(23, 'AMD', 17),
(24, 'MSI', 18),
(25, 'Gigabyte', 20),
(26, 'Asus', 20),
(27, 'EVGA', 19),
(28, 'Corsair', 19),
(29, 'Cooler Master', 19);

-- --------------------------------------------------------

--
-- Cấu trúc bảng cho bảng `cart`
--

CREATE TABLE `cart` (
  `cart_id` int(11) NOT NULL,
  `customer_id` int(11) NOT NULL,
  `code_cart` varchar(10) NOT NULL,
  `cart_status` int(11) NOT NULL
) ENGINE=InnoDB DEFAULT CHARSET=utf8mb4 COLLATE=utf8mb4_vietnamese_ci;

--
-- Đang đổ dữ liệu cho bảng `cart`
--

INSERT INTO `cart` (`cart_id`, `customer_id`, `code_cart`, `cart_status`) VALUES
(132, 6, '506', 1),
(133, 10, '6703', 1),
(134, 10, '6015', 1),
(135, 21, '1866', 1),
(136, 21, '9696', 1),
(137, 21, '4232', 1);

-- --------------------------------------------------------

--
-- Cấu trúc bảng cho bảng `cart_details`
--

CREATE TABLE `cart_details` (
  `cart_details_id` int(11) NOT NULL,
  `code_cart` varchar(10) NOT NULL,
  `product_id` int(11) NOT NULL,
  `product_amount` int(11) NOT NULL
) ENGINE=InnoDB DEFAULT CHARSET=utf8mb4 COLLATE=utf8mb4_vietnamese_ci;

--
-- Đang đổ dữ liệu cho bảng `cart_details`
--

INSERT INTO `cart_details` (`cart_details_id`, `code_cart`, `product_id`, `product_amount`) VALUES
(88, '506', 48, 2),
(89, '506', 50, 1),
(90, '6703', 46, 1),
(91, '1866', 46, 1),
(92, '9696', 46, 1),
(93, '9696', 47, 8),
(94, '4232', 27, 10),
(95, '4232', 43, 5);

-- --------------------------------------------------------

--
-- Cấu trúc bảng cho bảng `category`
--

CREATE TABLE `category` (
  `category_id` int(11) NOT NULL,
  `category_name` varchar(100) NOT NULL
) ENGINE=InnoDB DEFAULT CHARSET=utf8mb4 COLLATE=utf8mb4_vietnamese_ci;

--
-- Đang đổ dữ liệu cho bảng `category`
--

INSERT INTO `category` (`category_id`, `category_name`) VALUES
(17, 'CPU'),
(18, 'MAINBOARD'),
(19, 'PSU'),
(20, 'VGA');

-- --------------------------------------------------------

--
-- Cấu trúc bảng cho bảng `galery`
--

CREATE TABLE `galery` (
  `galery_id` int(11) NOT NULL,
  `product_id` int(11) NOT NULL,
  `galery_thumbnail` varchar(500) NOT NULL
) ENGINE=InnoDB DEFAULT CHARSET=utf8mb4 COLLATE=utf8mb4_vietnamese_ci;

--
-- Đang đổ dữ liệu cho bảng `galery`
--

INSERT INTO `galery` (`galery_id`, `product_id`, `galery_thumbnail`) VALUES
(33, 24, '1fb71913d6.png'),
(35, 25, 'e4ba1a3f17.png'),
(36, 26, '40220_cpu_intel_core_i7_12700f_an_phat_pc.jpg'),
(37, 27, '45347_2.jpg'),
(38, 28, '69897_cpu_intel_core_i3_13100_up_to_4_5ghz_4_nhan_10_luong_12mb_cache_65w_socket_intel_lga_1700_raptor_lake.jpg'),
(39, 29, '55894_cpu_intel_core_i3_10100f_11.jpg'),
(40, 29, '55894_cpu_intel_core_i3_10100f_22.jpg'),
(41, 29, '55894_cpu_intel_core_i3_10100f_33.jpg'),
(42, 30, 'i5-13400-1.png'),
(43, 31, 'i5-12400F-1.png'),
(44, 32, 'i5-11400F-1.png'),
(45, 33, 'i5-11400f-1.png'),
(46, 34, 'i3-10105-1.png'),
(47, 35, 'box_t4_i3_12th.png'),
(48, 36, 'en-box-t4-i3f-13th-left.png'),
(49, 37, 'box_t4_i5_12th.png'),
(50, 38, 'box_t4_i7_unlocked_12th.png'),
(51, 39, 'gearvn-intel-core-i7-13700k-3.png'),
(52, 40, 'english-i9k-t2-special-box-07.png'),
(53, 41, ''),
(54, 42, 'ryzen-threadripper-1.png'),
(55, 43, 'ryzen_9_7950X-1.png'),
(56, 44, 'gearvn-amd-ryzen-9-5950x.png'),
(57, 45, ''),
(58, 46, 'products-amd-ryzen-5-5600x-32mb.png'),
(59, 47, '4060.png'),
(60, 48, '3060.png'),
(61, 49, 'nguon-coolermaster-1.png'),
(62, 49, 'nguon-coolermaster-2.png'),
(63, 50, 'nguon-corsair-1.png'),
(64, 50, 'nguon-corsair-2.png'),
(65, 51, 'nguon_corsair_1.png'),
(66, 51, 'nguon_corsair_2.png');

-- --------------------------------------------------------

--
-- Cấu trúc bảng cho bảng `product`
--

CREATE TABLE `product` (
  `product_id` int(11) NOT NULL,
  `category_id` int(11) NOT NULL,
  `brand_id` int(20) NOT NULL,
  `product_name` varchar(350) NOT NULL,
  `product_price` int(11) NOT NULL,
  `product_discount` int(11) NOT NULL,
  `product_amount` int(11) NOT NULL,
  `product_thumnail` varchar(500) NOT NULL,
  `product_description` longtext NOT NULL
) ENGINE=InnoDB DEFAULT CHARSET=utf8mb4 COLLATE=utf8mb4_vietnamese_ci;

--
-- Đang đổ dữ liệu cho bảng `product`
--

INSERT INTO `product` (`product_id`, `category_id`, `brand_id`, `product_name`, `product_price`, `product_discount`, `product_amount`, `product_thumnail`, `product_description`) VALUES
(27, 20, 19, 'VGA MSI GeForce RTX 4060 Ti VENTUS 2X BLACK 8GB OC', 13499000, 10, 6, '45347_1.jpg', '<h2><strong>VGA MSI GeForce RTX 4060 Ti VENTUS 2X BLACK 8GB OC&nbsp;</strong></h2>\r\n\r\n<p><strong>Hiệu năng mạnh mẽ - Tản nhiệt m&aacute;t mẻ</strong></p>\r\n\r\n<p>Sở hữu hiệu năng mạnh mẽ từ RTX4000 Series v&agrave; hệ thống tản nhiệt m&aacute;t mẻ &ecirc;m &aacute;i,&nbsp;<strong>MSI GeForce RTX 4060 Ti VENTUS 2X BLACK 8GB OC</strong>&nbsp;l&agrave; mẫu Card đồ họa h&agrave;ng đầu d&agrave;nh cho Game thủ v&agrave; nh&agrave; s&aacute;ng tạo nội dung.</p>\r\n\r\n<p><strong>Giữ lấy những yếu tố cần thiết</strong></p>\r\n\r\n<p>VENTUS mang đến trải nghiệm tuyệt vời cho người d&ugrave;ng đang t&igrave;m kiếm một card đồ họa mạnh mẽ. Thiết kế sắc sảo vừa được n&acirc;ng cấp c&ugrave;ng với quạt TORX FAN 4.0 v&agrave; C&ocirc;ng nghệ Điều khiển luồng gi&oacute; gi&uacute;p VENTUS m&aacute;t mẻ trong mọi t&aacute;c vụ.</p>\r\n\r\n<p><img alt=\"\" src=\"https://anphat.com.vn/media/lib/27-05-2023/screenshot_31.png\" /></p>\r\n\r\n<p><strong>Nền tảng tối thượng cho Game thủ v&agrave; nh&agrave; s&aacute;ng tạo nội dung</strong></p>\r\n\r\n<p>Được x&acirc;y dựng từ kiến tr&uacute;c&nbsp;NVIDIA Ada Lovelace,&nbsp;<strong>VGA MSI RTX 4060 Ti VENTUS 3X 8GB OC</strong>&nbsp;sở hữu khả năng xử l&yacute; h&igrave;nh ảnh ấn tượng. Bộ xử l&yacute; d&ograve;ng đa nh&acirc;n cho hiệu năng gấp 2 lần so với thế hệ trước v&agrave; tối ưu h&oacute;a hiệu suất sử dụng năng lượng.</p>\r\n\r\n<p>Nh&acirc;n RT thế hệ thứ 3 cho hiệu năng RayTracing&nbsp;cao hơn l&ecirc;n tới 2 lần&nbsp;cho khả năng t&aacute;i tạo &aacute;nh s&aacute;ng cực ch&acirc;n thực,&nbsp;h&igrave;nh ảnh trong Game của bạn trở n&ecirc;n lung linh, rực rỡ hơn bao giờ hết.</p>\r\n\r\n<p>Nh&acirc;n Tensor thế hệ thứ 4 c&oacute; hiệu năng gấp 4 lần so với DLSS 3, sử dụng hiệu quả AI để cải thiện fps khi chơi Game</p>\r\n\r\n<p><img alt=\"\" src=\"https://storage-asset.msi.com/global/picture/image/feature/vga/NVIDIA/RTX-4080-VENTUS/RTX-4080-12GB-VENTUS-3X/NVadaarch-img.jpg\" /></p>\r\n\r\n<p><strong>Hệ thống tản nhiệt m&aacute;t mẻ</strong></p>\r\n\r\n<p><strong>VGA MSI RTX 4060 Ti VENTUS 3X 8GB OC</strong>&nbsp;sở hữu hệ thống tản nhiệt với 2 Fan đảm bảo khả năng hoạt động m&aacute;t mẻ v&agrave; &ecirc;m &aacute;i trong thời gian d&agrave;i.</p>\r\n\r\n<p><strong>Kh&ocirc;ng đ&oacute;ng băng</strong></p>\r\n\r\n<p>&nbsp;</p>\r\n\r\n<p><strong>Gia cố tấm ốp</strong></p>\r\n\r\n<p>Tấm ốp lưng gia cố c&oacute; thiết kế d&ograve;ng chảy gi&uacute;p th&ocirc;ng gi&oacute; bổ sung.</p>\r\n\r\n<p><img alt=\"\" src=\"https://anphat.com.vn/media/lib/27-05-2023/screenshot_29.png\" /></p>\r\n\r\n<p><strong>Đệm nhiệt hiệu quả</strong></p>\r\n\r\n<p>Rất nhiều miếng tản nhiệt l&agrave;m từ đất s&eacute;t cung cấp khả năng tản nhiệt cho c&aacute;c bo mạch chủ.</p>\r\n\r\n<p><img alt=\"\" src=\"https://anphat.com.vn/media/lib/27-05-2023/screenshot_30.png\" /></p>\r\n\r\n<p><strong>TORX Fan 4.0</strong></p>\r\n\r\n<p>TORX FAN 4.0 được thiết kế để l&agrave;m việc theo nh&oacute;m, với mỗi cặp c&aacute;nh quạt nối với nhau bằng một v&ograve;ng li&ecirc;n kết b&ecirc;n ngo&agrave;i để tập trung luồng kh&iacute; v&agrave;o trong hệ thống tản nhiệt hai quạt.</p>\r\n\r\n<p><img alt=\"\" src=\"https://anphat.com.vn/media/lib/25-04-2023/rtx40702.jpg\" /></p>\r\n\r\n<p><strong>Gia cố mọi chi tiết</strong></p>\r\n\r\n<p><strong>DrMos</strong></p>\r\n\r\n<p>Giải ph&aacute;p cấp điện bằng DrMOS power stage đem đến hiệu suất cao với mức thất tho&aacute;t điện thấp v&agrave; tăng cường kiểm so&aacute;t hiệu điện thế.</p>\r\n\r\n<p><img alt=\"\" src=\"https://anphat.com.vn/media/lib/25-04-2023/dr.png\" /></p>\r\n\r\n<p><strong>Cầu ch&igrave;</strong></p>\r\n\r\n<p>Cầu ch&igrave; tăng cường được t&iacute;ch hợp v&agrave;o trong bảng mạch PCB t&ugrave;y biến đem đến th&ecirc;m một lớp bảo vệ chống lại c&aacute;c hỏng h&oacute;c do điện.</p>\r\n\r\n<p><img alt=\"\" src=\"https://anphat.com.vn/media/lib/25-04-2023/cc.png\" /></p>\r\n\r\n<p><strong>Phần mềm</strong></p>\r\n\r\n<p><strong>MSI Center</strong></p>\r\n\r\n<p>Phần mềm MSI Center độc quyền của MSI gi&uacute;p bạn khai th&aacute;c tối đa c&aacute;c sản phẩm MSI của m&igrave;nh. Theo d&otilde;i, tinh chỉnh v&agrave; tối ưu h&oacute;a trong thời gian thực chỉ với một v&agrave;i c&uacute; nhấp chuột.</p>\r\n\r\n<p><strong>MSI Afterburner</strong></p>\r\n\r\n<p>MSI Afterburner l&agrave; phần mềm được nhận biết v&agrave; sử dụng nhiều nhất cho &eacute;p xung card đồ hoạ tr&ecirc;n thế giới. Chiếm quyền điều khiển ho&agrave;n to&agrave;n card đồ hoạ trong khi theo d&otilde;i c&aacute;c th&ocirc;ng số quan trọng theo thời gian thực. Chương tr&igrave;nh n&agrave;y miễn ph&iacute; v&agrave; tương th&iacute;ch với cả c&aacute;c card m&agrave;n h&igrave;nh của c&aacute;c nh&agrave; sản xuất kh&aacute;c.</p>\r\n'),
(33, 17, 22, 'Intel Core i5 11400F / 12MB / 4.4GHZ / 6 nhân 12 luồng / LGA 1200', 5990000, 20, 15, 'i5-11400f.png', '<h3><strong>Th&ocirc;ng số kỹ thuật tuyệt vời cho gaming</strong></h3>\r\n\r\n<p><strong>CPU Intel Core i5-11400F</strong>&nbsp;l&agrave;&nbsp;<a href=\"https://gearvn.com/collections/cpu-bo-vi-xu-ly\">bộ vi xử l&yacute;</a>&nbsp;thuộc thế hệ 11 từ nh&agrave; Intel. Được sản xuất dựa tr&ecirc;n tiến tr&igrave;nh 14nm v&agrave; sở hữu cho m&igrave;nh 6 nh&acirc;n 12 luồng cho khả năng xử l&yacute; nhiều t&aacute;c vụ mạnh mẽ trong c&ugrave;ng thời điểm. C&ugrave;ng xung nhịp cơ bản đạt 2.60 GHz v&agrave; turbo boost l&ecirc;n đến 4.40 GHz cho i5-11400F tốc độ c&ugrave;ng hiệu suất xử l&yacute; nhanh ch&oacute;ng, cho d&ugrave; đ&oacute; l&agrave; render video hay chơi game.</p>\r\n\r\n<p><img alt=\"GEARVN.COM - CPU Intel Core i5-11400F\" src=\"https://file.hstatic.net/1000026716/file/gearvn-cpu-intel-core-i5-11400f-03_9790c226d2774b12904c7bf1f1ca5add.jpg\" /></p>\r\n\r\n<blockquote>\r\n<p><strong>&gt;&gt;Xem th&ecirc;m:&nbsp;<a href=\"https://gearvn.com/blogs/thu-thuat-giai-dap/cpu-la-gi\" target=\"_blank\">C&aacute;ch chọn CPU ph&ugrave; hợp với mainboard</a>.</strong></p>\r\n</blockquote>\r\n\r\n<h3><strong>Mức ti&ecirc;u thụ điện thấp gi&uacute;p tiết kiệm</strong></h3>\r\n\r\n<p>Intel cho i5-11400F trang bị một mức ti&ecirc;u thụ điện năng kh&aacute; thấp, 65 W. Đi k&egrave;m l&agrave; chiếc quạt tản nhiệt,&nbsp;<a href=\"https://gearvn.com/products/intel-core-i5-11400f\">CPU Intel Core i5-11400F</a>&nbsp;vừa c&oacute; khả năng tiết kiệm chi ph&iacute; về điện c&ugrave;ng phần l&agrave;m m&aacute;t. Tuy nhi&ecirc;n bạn vẫn n&ecirc;n c&acirc;n nhắc về việc trang bị th&ecirc;m những&nbsp;<a href=\"https://gearvn.com/collections/tan-nhiet-may-tinh\">quạt tản nhiệt</a>&nbsp;để hỗ trợ cho khả năng tản nhiệt tốt nhất c&oacute; thể.</p>\r\n\r\n<p><img alt=\"GEARVN.COM - CPU Intel Core i5-11400F\" src=\"https://file.hstatic.net/1000026716/file/gearvn-cpu-intel-core-i5-11400f-01_fd05a5e77de04f6dadd5fc3fad203ba8.jpg\" /></p>\r\n\r\n<h3><strong>Băng th&ocirc;ng RAM lớn hỗ trợ &eacute;p xung</strong></h3>\r\n\r\n<p>CPU Intel Core i5-11400F được trang bị mức RAM được hỗ trợ tăng khoảng 20% từ 2666 MHz l&ecirc;n 3200 MHz khi chạy ở mức mặc định.&nbsp;<a href=\"https://gearvn.com/collections/cpu-11th-gen\">CPU Gen 11</a>&nbsp;được trang bị khả năng &eacute;p xung tr&ecirc;n tất cả mainboard sử dụng chipset 500 series như mainboard B560, chưa cần đến&nbsp;<a href=\"https://gearvn.com/collections/mainboard-z590\">Z590</a>.</p>\r\n\r\n<p><img alt=\"GEARVN.COM - CPU Intel Core i5-11400F\" src=\"https://file.hstatic.net/1000026716/file/gearvn-cpu-intel-core-i5-11400f-02_77cbbb6c7b324208aa2f781bae2f912d.jpg\" /></p>\r\n'),
(34, 17, 22, 'Intel Core i3 10105 / 6MB / 4.4GHZ / 4 nhân 8 luồng / LGA 1200', 2990000, 13, 8, 'i3-10105.png', '<h2><strong>Đ&aacute;nh gi&aacute; chi tiết CPU Intel Core i3-10105</strong></h2>\r\n\r\n<p>&nbsp;</p>\r\n\r\n<p><strong>CPU Intel Core i3-10105</strong>&nbsp;l&agrave; phi&ecirc;n bản n&acirc;ng cấp từ bộ vi xử l&yacute;<a href=\"https://gearvn.com/products/intel-core-i3-10100\">&nbsp;i3-10100</a>&nbsp;với c&aacute;c điểm mạnh về hiệu năng được cải thiện như xung nhịp m&agrave; gi&aacute; th&agrave;nh vẫn kh&ocirc;ng thay đổi. CPU Intel Core i3-10105 sẽ l&agrave; sự lựa chọn tuyệt vời cho những chiếc PC Gaming gi&aacute; rẻ.</p>\r\n\r\n<h3><strong>Hiệu năng n&acirc;ng cấp</strong></h3>\r\n\r\n<p>L&agrave; phi&ecirc;n bản cải tiến từ i3-10100,&nbsp;<a href=\"https://gearvn.com/products/intel-core-i3-10105\">CPU Intel Core i3-10105</a>&nbsp;được tăng th&ecirc;m 0.1 GHz v&agrave;o xung nhịp v&agrave; tăng l&ecirc;n l&agrave; 3.7 GHz. Kết hợp c&ugrave;ng 4 nh&acirc;n 8 luồng, i3-10105 sẽ ho&agrave;n th&agrave;nh tốt c&aacute;c t&aacute;c vụ l&agrave;m việc chuy&ecirc;n dụng v&agrave; hiệu quả xử l&yacute; khi chơi game.</p>\r\n\r\n<p><img alt=\"GEARVN.COM - CPU Intel Core i3-10105 / 6MB / 4 nhân 8 luồng / LGA 1200\" src=\"https://file.hstatic.net/1000026716/file/gearvn-cpu-intel-core-i3-10105-01_6e68d07b1de948e48791e7656a2bcd31_grande.jpg\" /></p>\r\n\r\n<blockquote>\r\n<p><strong>&gt;&gt;Xem th&ecirc;m:&nbsp;<a href=\"https://gearvn.com/blogs/thu-thuat-giai-dap/cpu-la-gi\" target=\"_blank\">C&aacute;ch chọn CPU ph&ugrave; hợp với mainboard</a>.</strong></p>\r\n</blockquote>\r\n\r\n<h3><strong>Tương th&iacute;ch tốt với nhiều mainboard</strong></h3>\r\n\r\n<p>CPU Intel Core i3-10105 trang bị socket LGA 1200 gi&uacute;p cho&nbsp;<a href=\"https://gearvn.com/collections/cpu-bo-vi-xu-ly\">bộ vi xử l&yacute;</a>&nbsp;n&agrave;y thoải m&aacute;i trong việc lựa chọn&nbsp;<a href=\"https://gearvn.com/collections/mainboard-bo-mach-chu\">mainboard</a>&nbsp;kết hợp c&ugrave;ng v&agrave; tận dụng sức mạnh tối đa của CPU như c&aacute;c&nbsp;<a href=\"https://gearvn.com/collections/mainboard-bo-mach-chu\">bo mạch chủ</a>&nbsp;thuộc d&ograve;ng H410,&nbsp;<a href=\"https://gearvn.com/collections/mainboard-b460-comet-lake-s\">B460</a>&nbsp;v&agrave;&nbsp;<a href=\"https://gearvn.com/collections/mainboard-z490\">Z490</a>. Hứa hẹn mở ra cho bạn v&ocirc; v&agrave;n c&aacute;c cấu h&igrave;nh PC Gaming cực tuyệt vời.</p>\r\n\r\n<p><img alt=\"GEARVN.COM - CPU Intel Core i3-10105 / 6MB / 4 nhân 8 luồng / LGA 1200\" src=\"https://file.hstatic.net/1000026716/file/gearvn-cpu-intel-core-i3-10105-02_5979b56482bc43119c5fd60ef154e5a9_grande.jpg\" /></p>\r\n\r\n<p><strong>Gi&aacute; th&agrave;nh tốt cho những bộ PC Gaming</strong></p>\r\n\r\n<p>Với sự kế thừa từ sức mạnh&nbsp;c&ugrave;ng những cải tiến từ điểm mạnh c&oacute; tr&ecirc;n phi&ecirc;n bản tiền nhiệm l&agrave; i3-10100, CPU Intel Core i3-10105 sở hữu một mức v&ocirc; c&ugrave;ng phải chăng, tạo n&ecirc;n một lựa chọn mới cho những d&agrave;n&nbsp;<a href=\"https://gearvn.com/pages/pc-gvn\">PC Gaming gi&aacute; rẻ</a>&nbsp;mới.</p>\r\n\r\n<p><img alt=\"GEARVN.COM - CPU Intel Core i3-10105 / 6MB / 4 nhân 8 luồng / LGA 1200\" src=\"https://file.hstatic.net/1000026716/file/gearvn-cpu-intel-core-i3-10105-03_1cec19f051c247319694cada99b6d157_grande.jpg\" /></p>\r\n'),
(35, 17, 22, 'Intel Core i3 12100 / 3.3GHz Turbo 4.3GHz / 4 Nhân 8 Luồng / 12MB / LGA 1700', 3990000, 15, 9, 'i3_gen12.png', '<h2><strong>Đ&aacute;nh gi&aacute; chi tiết bộ vi xử l&yacute; Intel Core i3 12100 / 3.3GHz Turbo 4.3GHz / 4 Nh&acirc;n 8 Luồng / 12MB / LGA 1700</strong></h2>\r\n\r\n<p><a href=\"https://gearvn.com/collections/cpu-bo-vi-xu-ly\">CPU</a>&nbsp;Intel Core i3 12100 l&agrave; một vi xử l&yacute; mới từ nh&agrave; Intel. CPU đầu ti&ecirc;n sở hữu nhưng đặc điểm nổi bật với những CPU cao cấp trước đ&acirc;y c&oacute; thể kể đến như&nbsp;<a href=\"https://gearvn.com/collections/i3-skylake\">i3 Skylake</a>. Đ&acirc;y sẽ l&agrave; sự lựa chọn tuyệt vời cho những đối tượng cần hiệu suất ổn định để xử l&yacute; tốt&nbsp;c&aacute;c t&aacute;c vụ cơ bản, giải tr&iacute; mượt m&agrave; v&agrave; chơi c&aacute;c tựa game nhẹ nh&agrave;ng. Hơn thế nữa, với cấu h&igrave;nh tương đối như thế n&agrave;y, Intel Core i3 hiển nhi&ecirc;n sẽ l&agrave; mảnh gh&eacute;p cuối c&ugrave;ng cho c&aacute;c d&agrave;n&nbsp;<a href=\"https://gearvn.com/pages/pc-gvn\">PC</a>&nbsp;tầm trung.</p>\r\n\r\n<p><img alt=\"GEARVN - Intel Core i3 12100 / 3.3GHz Turbo 4.3GHz / 4 Nhân 8 Luồng / 12MB / LGA 1700\" src=\"https://file.hstatic.net/1000026716/file/intel_core_i3_12100-3.3ghz_turbo_4.3ghz-4_nhan_8_luong-12mb-lga_1700-1_06885010ca6248b7b8b3a5952da768dc.png\" /></p>\r\n\r\n<h3><strong>Hiệu năng vượt trội</strong></h3>\r\n\r\n<p>CPU Intel Core i3 12100 l&agrave; một trong những&nbsp;<a href=\"https://gearvn.com/collections/cpu-intel-12th-gen\">CPU gen 12th</a>&nbsp;đầu ti&ecirc;n trong d&ograve;ng Alder Lake-S. Intel Core i3 12100 hỗ trợ khe cắm LGA 1700 với kiến tr&uacute;c ho&agrave;n to&agrave;n mới hứa hẹn đem đến trải nghiệm si&ecirc;u mượt. Cấu h&igrave;nh n&agrave;y tương đương với c&aacute;c CPU cao cấp c&aacute;ch đ&acirc;y v&agrave;i năm. Hiệu suất l&otilde;i đơn mạnh mẽ, hoạt động tốt v&agrave; ti&ecirc;u thụ điện năng tối đa 89W.</p>\r\n\r\n<p><img alt=\"GEARVN - Intel Core i3 12100 / 3.3GHz Turbo 4.3GHz / 4 Nhân 8 Luồng / 12MB / LGA 1700\" src=\"https://file.hstatic.net/1000026716/file/intel_core_i3_12100-3.3ghz_turbo_4.3ghz-4_nhan_8_luong-12mb-lga_1700-2_7c98e4d7a9404be5a9b3d5b8edf0ab0c.png\" /></p>\r\n\r\n<h3><strong>Th&ocirc;ng số ấn tượng</strong></h3>\r\n\r\n<p>Intel Core i3 12100 l&agrave; bộ vi xử l&yacute; ho&agrave;n hảo để bạn thiết lập một d&agrave;n&nbsp;<a href=\"https://gearvn.com/collections/pc-van-phong\">PC&nbsp;văn ph&ograve;ng</a>, phổ th&ocirc;ng l&yacute; tưởng&nbsp;c&oacute; thể thực hiện tốt c&aacute;c t&aacute;c vụ cơ bản v&agrave; giải tr&iacute; cho gia đ&igrave;nh. CPU Intel Core i3 sở hữu 4 nh&acirc;n v&agrave; 8 luồng xử l&iacute;, xung nhịp tăng l&ecirc;n đến 4,3 GHz cũng như bộ nhớ đệm L2 5MB, bộ nhớ đệm 12MB v&agrave; bộ điều khiển bộ nhớ k&ecirc;nh đ&ocirc;i&nbsp;<a href=\"https://gearvn.com/collections/ddr4-8gb\">DDR4</a>-3200 /&nbsp;<a href=\"https://gearvn.com/collections/ram-pc-ddr5\">DDR5</a>-4800. Intel Core i3 gen 12 c&oacute; khả năng tương th&iacute;ch với&nbsp;<a href=\"https://gearvn.com/collections/mainboard-bo-mach-chu\">bo mạch chủ</a>&nbsp;LGA 1700.</p>\r\n\r\n<p><img alt=\"GEARVN - Intel Core i3 12100 / 3.3GHz Turbo 4.3GHz / 4 Nhân 8 Luồng / 12MB / LGA 1700\" src=\"https://file.hstatic.net/1000026716/file/intel_core_i3_12100-3.3ghz_turbo_4.3ghz-4_nhan_8_luong-12mb-lga_1700-3_e4ad418678004defad168ba3729fa318.png\" /></p>\r\n'),
(36, 17, 22, 'Intel Core i3 13100F / 3.4GHz Turbo 4.5GHz / 4 Nhân 8 Luồng / 12MB / LGA 1700', 3290000, 6, 11, '13100f.png', '<h2><strong>Đ&aacute;nh gi&aacute; chi tiết CPU&nbsp;Intel Core i3 13100F</strong></h2>\r\n\r\n<p>L&agrave; &ldquo;b&aacute; chủ&rdquo; trong ph&acirc;n kh&uacute;c&nbsp;<a href=\"https://gearvn.com/collections/cpu-bo-vi-xu-ly\">CPU</a>&nbsp;gi&aacute; rẻ, i3-12100 v&agrave; 12100F đ&atilde; thể hiện sự vượt trội của m&igrave;nh trong nhu cầu build PC Gaming gi&aacute; rẻ. V&agrave; khi&nbsp;<a href=\"https://gearvn.com/collections/cpu-intel-13th-gen\">Intel Gen 13</a>&nbsp;ra đời, đồng nghĩa với sự tiếp nối của những con chip tuyệt vời d&agrave;nh cho game thủ c&ugrave;ng<strong>&nbsp;i3-13100F</strong>. Liệu CPU n&agrave;y &ldquo;ẩn giấu&rdquo; g&igrave; b&ecirc;n trong h&igrave;nh dạng nhỏ b&eacute; ấy? C&ugrave;ng GEARVN t&igrave;m hiểu nh&eacute; !</p>\r\n\r\n<h3><strong>Sức mạnh th&iacute;ch nghi với đa dạng nhu cầu</strong></h3>\r\n\r\n<p>Thuộc về thế hệ Raptor Lake mạnh mẽ nhất hiện nay, i3-13100F sẽ ch&iacute;nh l&agrave; bản n&acirc;ng cấp từ ch&iacute;nh thế hệ tiền nhiệm khi&nbsp; được trang bị một sức mạnh để đủ sức &ldquo;c&acirc;n&rdquo; mọi nhu cầu th&ocirc;ng dụng hiện nay tr&ecirc;n PC Gaming. Con số 4 nh&acirc;n 8 luồng sẽ kh&ocirc;ng thể hiện được hết sức mạnh nhưng với tốc độ turbo tối đa đạt 4.5GHz biến i3-13100F trở th&agrave;nh một lựa chọn cực k&igrave; đ&aacute;ng c&acirc;n nhắc khi&nbsp;<a href=\"https://gearvn.com/pages/pc-gvn\">build PC</a>. Với những sức mạnh n&agrave;y, i3-13100F tự tin xử l&yacute; mọi t&aacute;c vụ giải tr&iacute; như tận hưởng chơi c&aacute;c tựa game Esport đến game AAA ở mức setting ph&ugrave; hợp.</p>\r\n\r\n<p><img alt=\"GEARVN - Intel Core i3 13100F\" src=\"https://file.hstatic.net/1000026716/file/gearvn-intel-core-i3-13100f-4_46b565fafc9a4cc5b36b3baa16506f71_grande.jpg\" /></p>\r\n\r\n<h3><strong>Tương th&iacute;ch với linh kiện ti&ecirc;n tiến</strong></h3>\r\n\r\n<p>Socket LGA 1700 tr&ecirc;n i3-13100F sẽ gi&uacute;p cho CPU n&agrave;y tương th&iacute;ch với những nền tảng&nbsp;<a href=\"https://gearvn.com/collections/mainboard-bo-mach-chu\">mainboard</a>&nbsp;hiện đại v&agrave; mạnh mẽ nhất hiện nay. C&ugrave;ng với đ&oacute; l&agrave; những sự kết hợp với&nbsp;<a href=\"https://gearvn.com/collections/ram-pc-ddr5\">RAM DDR5</a>&nbsp;cho một hiệu suất v&agrave; dung lượng tốt nhất cho d&agrave;n PC.</p>\r\n\r\n<p><img alt=\"GEARVN - Intel Core i3 13100F\" src=\"https://file.hstatic.net/1000026716/file/gearvn-intel-core-i3-13100f-5_a7999347c69f4dc091a22c18c6b21fda_grande.jpg\" /></p>\r\n'),
(37, 17, 22, 'Intel Core i5 12400 / 2.5GHz Turbo 4.4GHz / 6 Nhân 12 Luồng / 18MB / LGA 1700', 6290000, 50, 7, 'i5-12400.png', '<h2><strong>Đ&aacute;nh gi&aacute; chi tiết CPU Intel Core i5-11400F</strong></h2>\r\n\r\n<h3><strong>Th&ocirc;ng số kỹ thuật tuyệt vời cho gaming</strong></h3>\r\n\r\n<p><strong>CPU Intel Core i5-11400F</strong>&nbsp;l&agrave;&nbsp;<a href=\"https://gearvn.com/collections/cpu-bo-vi-xu-ly\">bộ vi xử l&yacute;</a>&nbsp;thuộc thế hệ 11 từ nh&agrave; Intel. Được sản xuất dựa tr&ecirc;n tiến tr&igrave;nh 14nm v&agrave; sở hữu cho m&igrave;nh 6 nh&acirc;n 12 luồng cho khả năng xử l&yacute; nhiều t&aacute;c vụ mạnh mẽ trong c&ugrave;ng thời điểm. C&ugrave;ng xung nhịp cơ bản đạt 2.60 GHz v&agrave; turbo boost l&ecirc;n đến 4.40 GHz cho i5-11400F tốc độ c&ugrave;ng hiệu suất xử l&yacute; nhanh ch&oacute;ng, cho d&ugrave; đ&oacute; l&agrave; render video hay chơi game.</p>\r\n\r\n<p><img alt=\"GEARVN.COM - CPU Intel Core i5-11400F\" src=\"https://file.hstatic.net/1000026716/file/gearvn-cpu-intel-core-i5-11400f-03_9790c226d2774b12904c7bf1f1ca5add.jpg\" /></p>\r\n\r\n<blockquote>\r\n<p><strong>&gt;&gt;Xem th&ecirc;m:&nbsp;<a href=\"https://gearvn.com/blogs/thu-thuat-giai-dap/cpu-la-gi\" target=\"_blank\">C&aacute;ch chọn CPU ph&ugrave; hợp với mainboard</a>.</strong></p>\r\n</blockquote>\r\n\r\n<h3><strong>Mức ti&ecirc;u thụ điện thấp gi&uacute;p tiết kiệm</strong></h3>\r\n\r\n<p>Intel cho i5-11400F trang bị một mức ti&ecirc;u thụ điện năng kh&aacute; thấp, 65 W. Đi k&egrave;m l&agrave; chiếc quạt tản nhiệt,&nbsp;<a href=\"https://gearvn.com/products/intel-core-i5-11400f\">CPU Intel Core i5-11400F</a>&nbsp;vừa c&oacute; khả năng tiết kiệm chi ph&iacute; về điện c&ugrave;ng phần l&agrave;m m&aacute;t. Tuy nhi&ecirc;n bạn vẫn n&ecirc;n c&acirc;n nhắc về việc trang bị th&ecirc;m những&nbsp;<a href=\"https://gearvn.com/collections/tan-nhiet-may-tinh\">quạt tản nhiệt</a>&nbsp;để hỗ trợ cho khả năng tản nhiệt tốt nhất c&oacute; thể.</p>\r\n\r\n<p><img alt=\"GEARVN.COM - CPU Intel Core i5-11400F\" src=\"https://file.hstatic.net/1000026716/file/gearvn-cpu-intel-core-i5-11400f-01_fd05a5e77de04f6dadd5fc3fad203ba8.jpg\" /></p>\r\n\r\n<h3><strong>Băng th&ocirc;ng RAM lớn hỗ trợ &eacute;p xung</strong></h3>\r\n\r\n<p>CPU Intel Core i5-11400F được trang bị mức RAM được hỗ trợ tăng khoảng 20% từ 2666 MHz l&ecirc;n 3200 MHz khi chạy ở mức mặc định.&nbsp;<a href=\"https://gearvn.com/collections/cpu-11th-gen\">CPU Gen 11</a>&nbsp;được trang bị khả năng &eacute;p xung tr&ecirc;n tất cả mainboard sử dụng chipset 500 series như mainboard B560, chưa cần đến&nbsp;<a href=\"https://gearvn.com/collections/mainboard-z590\">Z590</a>.</p>\r\n\r\n<p><img alt=\"GEARVN.COM - CPU Intel Core i5-11400F\" src=\"https://file.hstatic.net/1000026716/file/gearvn-cpu-intel-core-i5-11400f-02_77cbbb6c7b324208aa2f781bae2f912d.jpg\" /></p>\r\n'),
(38, 17, 22, 'Intel Core i7 12700K / 3.6GHz Turbo 5.0GHz / 12 Nhân 20 Luồng / 25MB / LGA 1700', 12990000, 26, 5, 'i7-12700k.png', '<h2><strong>Đ&aacute;nh gi&aacute; chi tiết CPU&nbsp;Intel Core i7 12700K</strong></h2>\r\n\r\n<h3><strong>Hiệu năng mạnh mẽ đến từ th&ocirc;ng số khủng</strong></h3>\r\n\r\n<p>Tạo n&ecirc;n từ kiến tr&uacute;c Alder Lake-S, CPU Intel Core i7-12700K sở hữu một th&ocirc;ng số vượt trội so với những con chip i7 đời trước. 12 nh&acirc;n 20 luồng, xung nhịp 3.6GHz v&agrave; đạt mức tối đa l&agrave; 5.0GHz. Những con số ấy như 1 lời khẳng định rằng i7-12700K c&oacute; thể c&acirc;n hầu hết tất cả c&aacute;c t&aacute;c vụ xử l&yacute; từ nhẹ đến nặng.</p>\r\n\r\n<p><img alt=\"GEARVN.COM - Intel Core i7 12700K\" src=\"https://file.hstatic.net/1000026716/file/gearvn-cpu-intel-core-i7-12700k-1_fbf832029158459ca352d1d8a8fbdf5e.png\" /></p>\r\n\r\n<h3><strong>Khả năng tương th&iacute;ch với c&ocirc;ng nghệ mới</strong></h3>\r\n\r\n<p>CPU Intel Core i7-12700K c&oacute; khả năng tương th&iacute;ch với những chiếc&nbsp;<a href=\"https://gearvn.com/collections/mainboard-z690\">mainboard Z690</a>&nbsp;mới nhất hiện nay, hay chuẩn&nbsp;<a href=\"https://gearvn.com/collections/ram-pc-ddr5\">RAM DDR5</a>&nbsp;với tốc độ vượt trội DDR4. Tất cả sẽ l&agrave; một bước tiến sức mạnh mới cho những chiếc&nbsp;<a href=\"https://gearvn.com/pages/pc-gvn\">PC Gaming</a>.</p>\r\n\r\n<p><img alt=\"GEARVN.COM - Intel Core i7 12700K\" src=\"https://file.hstatic.net/1000026716/file/gearvn-cpu-intel-core-i7-12700k-3_ee821f6f29c7403ebce5d3f11a3080e6.png\" /></p>\r\n\r\n<h3><strong>Tiền tố K</strong></h3>\r\n\r\n<p>Với tiền tố K, i7-12700K được trang bị th&ecirc;m nh&acirc;n đồ họa Intel&reg; UHD Graphics 770 tăng cường khả năng xử l&yacute; h&igrave;nh ảnh, đồ họa cho bộ vi xử l&yacute;.</p>\r\n\r\n<p><img alt=\"GEARVN.COM - Intel Core i7 12700K\" src=\"https://file.hstatic.net/1000026716/file/gearvn-cpu-intel-core-i7-12700k-2_478e749154504264938028e73b8be187.png\" /></p>\r\n'),
(39, 17, 22, 'Intel Core i7 13700K / 3.4GHz Turbo 5.4GHz / 16 Nhân 24 Luồng / 30MB / LGA 1700', 11990000, 7, 9, 'gearvn-intel-core-i7-13700k-1.png', '<h2><strong>Đ&aacute;nh gi&aacute; chi tiết bộ vi xử l&yacute; Intel Core i7 13700K / 3.4GHz Turbo 5.4GHz / 16 Nh&acirc;n 24 Luồng / 30MB / LGA 1700</strong></h2>\r\n\r\n<p><a href=\"https://gearvn.com/collections/cpu-bo-vi-xu-ly\">Bộ vi xử l&yacute;</a>&nbsp;<strong>Intel Core i7 13700K</strong>&nbsp;l&agrave; một trong những CPU hiệu suất khủng đầu ti&ecirc;n của&nbsp;<a href=\"https://gearvn.com/collections/cpu-intel-13th-gen\">Intel Gen 13</a>. Được trang bị cấu tr&uacute;c ho&agrave;n to&agrave;n mới với những t&iacute;nh năng n&acirc;ng cao, Intel Core i7 13700K&nbsp;sẽ mang lại hiệu năng khủng cho những đối tượng y&ecirc;u cầu hiệu suất cao để c&acirc;n c&aacute;c t&aacute;c vụ game tr&ecirc;n mức trung b&igrave;nh, c&aacute;c task đồ họa. Đ&acirc;y chắc chắn ch&iacute;nh l&agrave; nh&acirc;n tố quyết định cuối c&ugrave;ng l&agrave;m n&ecirc;n một d&agrave;n&nbsp;<a href=\"https://gearvn.com/pages/pc-gvn\">PC gaming</a>&nbsp;mạnh mẽ m&agrave; c&aacute;c bạn kh&ocirc;ng n&ecirc;n bỏ qua.</p>\r\n\r\n<h3><strong>Tốc độ vi xử l&yacute; cao</strong></h3>\r\n\r\n<p><a href=\"https://gearvn.com/collections/cpu-bo-vi-xu-ly\">CPU Intel Core</a>&nbsp;i7 13700K l&agrave; một th&agrave;nh vi&ecirc;n mới của gia đ&igrave;nh Core i7 d&ograve;ng Alder Lake-S mới nhất.&nbsp;<a href=\"https://gearvn.com/collections/cpu-bo-vi-xu-ly\">CPU</a>&nbsp;n&agrave;y hỗ trợ socket 1700 v&agrave; bộ nhớ&nbsp;<a href=\"https://gearvn.com/collections/ddr4-8gb\">DDR4</a>, DDR5. Nhờ Intel Hyper-Threading, hiệu suất của Intel Core i7 gen 13th đ&atilde; được tăng l&ecirc;n rất nhiều, l&ecirc;n đến 24&nbsp;luồng, c&oacute; bộ nhớ đệm l&ecirc;n đến 30MB v&agrave; chạy ở tốc độ 3,4GHz mặc định. Tuy nhi&ecirc;n, t&ugrave;y thuộc v&agrave;o khối lượng c&ocirc;ng việc đảm nhiệm, n&oacute; c&oacute; thể l&ecirc;n đến 5,4GHz.&nbsp;</p>\r\n\r\n<p><img alt=\"GEARVN Intel Core i7 13700K / 3.4GHz Turbo 5.4GHz / 16 Nhân 24 Luồng / 30MB / LGA 1700\" src=\"https://file.hstatic.net/1000026716/file/gearvn-intel-core-i7-13700k-2_4b83f9d90d464a839aae04c86fcba8cd.png\" /></p>\r\n\r\n<h3><strong>Trải nghiệm tốt hơn với Intel Core i7&nbsp;13700K</strong></h3>\r\n\r\n<p>Intel x&acirc;y dựng CPU Intel Core i7 13700K tr&ecirc;n quy tr&igrave;nh sản xuất 10nm. Ngo&agrave;i ra, bạn c&oacute; thể tự do điều chỉnh hệ số nh&acirc;n đ&atilde; mở kh&oacute;a tr&ecirc;n GPU. Điều n&agrave;y gi&uacute;p đơn giản h&oacute;a việc &eacute;p xung. V&igrave; vậy, bạn c&oacute; thể dễ d&agrave;ng quay số ở bất kỳ tần số &eacute;p xung n&agrave;o. Bộ vi xử l&yacute; cũng c&oacute; giải ph&aacute;p đồ họa t&iacute;ch hợp l&agrave;&nbsp;<a href=\"https://gearvn.com/collections/vga-card-man-hinh\">VGA</a>&nbsp;UHD Graphics 770 gi&uacute;p cải thiện khả năng hiển thị v&agrave; mang đến cho người d&ugrave;ng trải nghiệm tốt hơn.</p>\r\n\r\n<p><img alt=\"GEARVN Intel Core i7 13700K / 3.4GHz Turbo 5.4GHz / 16 Nhân 24 Luồng / 30MB / LGA 1700\" src=\"https://file.hstatic.net/1000026716/file/gearvn-intel-core-i7-13700k-3_2fc318b483194e8186a3df49922a5b38.png\" /></p>\r\n\r\n<h3><strong>Hỗ trợ bộ nhớ tốt</strong></h3>\r\n\r\n<p>TDP của sản phẩm CPU l&agrave; 125W, l&agrave; mức ti&ecirc;u thụ điện năng kh&aacute; cao. V&igrave; vậy, n&oacute; chắc chắn cần một hệ thống&nbsp;<a href=\"https://gearvn.com/collections/tan-nhiet-khi\">tản nhiệt</a>&nbsp;tốt.&nbsp;Với khả năng &eacute;p xung v&agrave; c&aacute;c m&ocirc;-đun bộ nhớ ph&ugrave; hợp, người d&ugrave;ng c&oacute; thể tiến h&agrave;nh n&acirc;ng cấp để c&oacute; được trải nghiệm tốt hơn. CPU Intel Core i7 13700K chắc chắn sẽ l&agrave; nh&acirc;n tố đ&aacute;ng sở hữu nhất nếu bạn mong muốn một d&agrave;n PC hiện đại v&agrave; hiệu suất cao.</p>\r\n\r\n<p><img alt=\"GEARVN Intel Core i7 13700K / 3.4GHz Turbo 5.4GHz / 16 Nhân 24 Luồng / 30MB / LGA 1700\" src=\"https://file.hstatic.net/1000026716/file/gearvn-intel-core-i7-13700k-1_7d12d35e619c41eb9dae762d7c84eec5.png\" /></p>\r\n'),
(40, 17, 22, 'Intel Core i9 13900K / 3.0GHz Turbo 5.8GHz / 24 Nhân 32 Luồng / 36MB / LGA 1700', 17490000, 11, 13, 'i9-13900f.png', '<h2><strong>Đ&aacute;nh gi&aacute; chi tiết Intel Core i9 13900K / 3.0GHz Turbo 5.8GHz / 24 Nh&acirc;n 32 Luồng / 36MB / LGA 1700</strong></h2>\r\n\r\n<h3><strong>Tổng quan thiết kế</strong></h3>\r\n\r\n<p><a href=\"https://gearvn.com/collections/cpu-bo-vi-xu-ly\" target=\"_blank\">CPU</a>&nbsp;<strong>Intel Core i9 13900K</strong>&nbsp;l&agrave;&nbsp;<a href=\"https://gearvn.com/collections/cpu-intel-13th-gen\" target=\"_blank\">CPU thế hệ thứ 13</a>&nbsp;của Intel. L&agrave; đứa con mạnh mẽ v&agrave; cao cấp nhất&nbsp;n&ecirc;n i9 13900K được ưu &aacute;i dựa tr&ecirc;n Socket LGA 1700 v&agrave; &aacute;p dụng kiến ​​tr&uacute;c mới v&agrave; c&oacute; hiệu năng vượt trội so với c&aacute;c sản phẩm thế hệ trước. Intel Core i9 13900K sẽ l&agrave; sự lựa chọn tuyệt vời nếu bạn muốn x&acirc;y dựng một d&agrave;n&nbsp;<a href=\"https://gearvn.com/pages/pc-gvn\" target=\"_blank\">PC gaming</a>&nbsp;tốt nhất hiện nay. Với số nh&acirc;n, số luồng v&agrave; tốc độ xung nhịp cao, n&oacute; sẽ ph&ugrave; hợp với c&aacute;c thiết bị cao cấp, dịch vụ&nbsp;ph&aacute;t trực tuyến, tr&ograve; chơi hoặc sử dụng phần mềm chuy&ecirc;n nghiệp.</p>\r\n\r\n<p><img alt=\"GEARVN - Intel Core i9 13900K / 3.0GHz Turbo 5.8GHz / 24 Nhân 32 Luồng / 36MB / LGA 1700\" src=\"https://file.hstatic.net/1000026716/file/gearvn-intel-core-i9-13900k-1_3fe44acd82da4cebb15df131ae91c84f.png\" /></p>\r\n\r\n<h3><strong>Sự cải tiến&nbsp;của&nbsp;Intel Core i9 13900K</strong></h3>\r\n\r\n<p>Intel Core i9 13900K c&oacute; thể đạt được sự gia tăng đ&aacute;ng kể về hiệu suất đa l&otilde;i, chủ yếu l&agrave; nhờ v&agrave;o 8 l&otilde;i E-core bổ sung m&agrave; d&ograve;ng&nbsp;<a href=\"https://gearvn.com/collections/cpu-intel-12th-gen\" target=\"_blank\">Alder Lake</a>&nbsp;thế hệ trước chưa c&oacute; được. Tiếp theo l&agrave; một loạt c&aacute;c cải tiến chung (IPC) cho mỗi chu kỳ. Raptor Lake-S sở hữu&nbsp;24 l&otilde;i v&agrave; 32 luồng. Sự đầu tư hẳn hoi của h&atilde;ng đ&atilde; hiển nhi&ecirc;n đưa&nbsp;Intel Core i9 13900K l&ecirc;n&nbsp;vị tr&iacute; dẫn đầu hiện nay.</p>\r\n\r\n<p><img alt=\"GEARVN - Intel Core i9 13900K / 3.0GHz Turbo 5.8GHz / 24 Nhân 32 Luồng / 36MB / LGA 1700\" src=\"https://file.hstatic.net/1000026716/file/gearvn-intel-core-i9-13900k-6_f22d25d984eb45b7a2cf3d0cba781ee7.png\" /></p>\r\n\r\n<p>Nhiều trường hợp c&ograve;n ghi nhận Intel Core i9 13900K thậm ch&iacute; c&ograve;n đạt tần số 6GHz th&ocirc;ng qua&nbsp;thử nghiệm đơn nh&acirc;n của phần mềm&nbsp;<a href=\"https://gearvn.com/blogs/thu-thuat-giai-dap/cach-tai-va-su-dung-cpu-z-de-kiem-tra-cau-hinh-may-tinh\" target=\"_blank\">CPU-Z</a>. Người d&ugrave;ng cũng&nbsp;kh&ocirc;ng cần&nbsp;<a href=\"https://gearvn.com/collections/tan-nhiet-khi\" target=\"_blank\">tản nhiệt</a>&nbsp;đặc biệt để đạt được xung nhịp 6085 MHz. Một bộ&nbsp;<a href=\"https://gearvn.com/collections/tan-nhiet-nuoc-240mm\" target=\"_blank\">tản nhiệt&nbsp;AIO</a>&nbsp;l&agrave; đủ, nhưng nhiệt độ v&agrave; mức ti&ecirc;u thụ điện năng cho thấy CPU kh&ocirc;ng qu&aacute; nặng để chạy hết c&ocirc;ng suất.</p>\r\n\r\n<p><img alt=\"GEARVN - Intel Core i9 13900K / 3.0GHz Turbo 5.8GHz / 24 Nhân 32 Luồng / 36MB / LGA 1700\" src=\"https://file.hstatic.net/1000026716/file/gearvn-intel-core-i9-13900k-10_76aa96cfea504b408fda9e81dde63abb.png\" /></p>\r\n\r\n<h3><strong>N&acirc;ng cấp hiệu năng</strong></h3>\r\n\r\n<p>Intel x&aacute;c nhận d&ograve;ng CPU n&agrave;y sẽ sử dụng tiến tr&igrave;nh Intel 7, l&ecirc;n đến 24 nh&acirc;n v&agrave; 32 luồng, tức l&agrave; 8 nh&acirc;n P + 16 nh&acirc;n E, khả năng &eacute;p xung si&ecirc;u khủng, tương th&iacute;ch với nền tảng Intel Core gen 12. Do đ&oacute;, hiệu năng tr&ecirc;n Intel Core i9 13900K được n&acirc;ng cao đ&aacute;ng kể. Song song đ&oacute;,&nbsp;<a href=\"https://gearvn.com/collections/mainboard-intel-z790-raptor-lake\" target=\"_blank\">bo mạch chủ Z790</a>&nbsp;cũng sẽ được ph&aacute;t h&agrave;nh c&ugrave;ng thời điểm. V&agrave; c&aacute;c&nbsp;<a href=\"https://gearvn.com/collections/mainboard-bo-mach-chu\" target=\"_blank\">bo mạch chủ</a>&nbsp;d&ograve;ng B760 v&agrave; H710 cũng dự kiến ra mắt v&agrave;o năm sau để người d&ugrave;ng c&oacute; nhiều sự lựa chọn hơn.</p>\r\n\r\n<p><img alt=\"GEARVN - Intel Core i9 13900K / 3.0GHz Turbo 5.8GHz / 24 Nhân 32 Luồng / 36MB / LGA 1700\" src=\"https://file.hstatic.net/1000026716/file/gearvn-intel-core-i9-13900k-11_261bfd6ba7ef413c83d5c5e016c5f1b1.png\" /></p>\r\n'),
(41, 17, 22, 'Intel Core i9 10980XE / 24.75MB / 4.6GHz / 18 nhân 36 luồng / LGA 2066', 26990000, 0, 11, 'i9-10980XE.png', '<p><strong>T&iacute;nh năng nổi bật:</strong></p>\r\n\r\n<p>&nbsp;</p>\r\n\r\n<table border=\"3\" cellpadding=\"3\" cellspacing=\"3\">\r\n	<tbody>\r\n		<tr>\r\n			<td><strong>&nbsp;Socket</strong></td>\r\n			<td>&nbsp;&nbsp;<strong>LGA2066</strong></td>\r\n		</tr>\r\n		<tr>\r\n			<td><strong>&nbsp;Bộ nhớ đệm</strong></td>\r\n			<td>&nbsp; 24.75MB Smart Cache</td>\r\n		</tr>\r\n		<tr>\r\n			<td><strong>&nbsp;Thuật in</strong></td>\r\n			<td>&nbsp; 14 nm</td>\r\n		</tr>\r\n		<tr>\r\n			<td><strong>&nbsp;Số nh&acirc;n (Cores)</strong></td>\r\n			<td>&nbsp;&nbsp;<strong>18</strong></td>\r\n		</tr>\r\n		<tr>\r\n			<td><strong>&nbsp;Số luồng (Threads)</strong></td>\r\n			<td>&nbsp;&nbsp;<strong>36</strong></td>\r\n		</tr>\r\n		<tr>\r\n			<td><strong>&nbsp;Xung cơ bản</strong></td>\r\n			<td>&nbsp;&nbsp;<strong>3.0GHz</strong></td>\r\n		</tr>\r\n		<tr>\r\n			<td><strong>&nbsp;Xung Turbo</strong></td>\r\n			<td>&nbsp;&nbsp;<strong>4.6GHz</strong></td>\r\n		</tr>\r\n		<tr>\r\n			<td><strong>&nbsp;TDP&nbsp;</strong></td>\r\n			<td>&nbsp;&nbsp;<strong>165W</strong></td>\r\n		</tr>\r\n		<tr>\r\n			<td><strong>&nbsp;RAM tối đa</strong></td>\r\n			<td>&nbsp; 256GB</td>\r\n		</tr>\r\n		<tr>\r\n			<td><strong>&nbsp;Loại RAM</strong></td>\r\n			<td>&nbsp;&nbsp;<strong>DDR4</strong>-2933</td>\r\n		</tr>\r\n	</tbody>\r\n</table>\r\n'),
(42, 17, 23, 'AMD Ryzen Threadripper PRO 5995WX / 2.7GHz Boost 4.5GHz / 64 nhân 128 luồng / 292MB / sWRX8', 17500000, 0, 4, 'ryzen-threadripper.png', '<h2><strong>Đ&aacute;nh gi&aacute; chi tiết CPU&nbsp;AMD Ryzen Threadripper PRO 5995WX</strong></h2>\r\n\r\n<p>Một th&agrave;nh phần kh&ocirc;ng thể thiếu trong những bộ PC Workstation, đ&oacute; l&agrave; những chiếc CPU cao cấp được d&agrave;nh ri&ecirc;ng cho bộ m&aacute;y n&agrave;y. V&agrave; AMD đ&atilde; ch&agrave;o đ&oacute;n thị trường n&agrave;y với d&ograve;ng AMD Threadripper PRO. H&ocirc;m nay, c&aacute;i t&ecirc;n sẽ được GEARVN t&igrave;m hiểu l&agrave;&nbsp;<strong>AMD Ryzen Threadripper PRO 5995WX</strong>&nbsp;!</p>\r\n\r\n<h3><strong>Sự n&acirc;ng cấp vượt trội</strong></h3>\r\n\r\n<p>Thuộc về kiến tr&uacute;c Zen 3 v&agrave; l&agrave; thế hệ Ryzen Threadripper PRO, Ryzen Threadripper PRO 5995WX đ&atilde; đi đầu trong thị trường&nbsp;<a href=\"https://gearvn.com/collections/cpu-bo-vi-xu-ly\">CPU</a>. Lần đầu ti&ecirc;n, một chiếc CPU được sở hữu tiến tr&igrave;nh 7nm, điều n&agrave;y đ&atilde; gi&uacute;p cho Ryzen Threadripper PRO 5995WX cải thiện hiệu suất năng l&ecirc;n 24%. Kiến tr&uacute;c Zen 3 đem lại cho Ryzen Threadripper PRO 5995WX khả năng thực thi t&agrave;i nguy&ecirc;n rộng hơn v&agrave; hiệu quả hơn với băng th&ocirc;ng truyền tải dữ liệu nhiều hơn. Xứng đ&aacute;ng sẽ l&agrave; sự lựa chọn tuyệt vời d&agrave;nh cho&nbsp;<a href=\"https://gearvn.com/collections/pc-workstation\">PC Workstation</a>.</p>\r\n\r\n<p><img alt=\"GEARVN - AMD Ryzen Threadripper PRO 5995WX\" src=\"https://file.hstatic.net/1000026716/file/gearvn-amd-ryzen-threadripper-pro-5995wx-1_83f57c7158bc497fac2f399e7bc1be68.jpg\" /></p>\r\n\r\n<h3><strong>Tốc độ xử l&yacute; cao cấp</strong></h3>\r\n\r\n<p>Ryzen Threadripper PRO 5995WX được sở hữu cho m&igrave;nh tốc độ tr&iacute;ch xuất dữ liệu trung b&igrave;nh tăng 19% với từng MHz khi so với thế hệ trước đ&acirc;y. Từ đ&oacute;, mang lại hiệu quả tối đa trong những c&ocirc;ng việc chuy&ecirc;n nghiệp như dựng phim, x&acirc;y dựng model AI,...</p>\r\n\r\n<p><img alt=\"GEARVN - AMD Ryzen Threadripper PRO 5995WX\" src=\"https://file.hstatic.net/1000026716/file/gearvn-amd-ryzen-threadripper-pro-5995wx-4_77c6f801fdfa4d6ea0ed1eb495d08d55.jpg\" /></p>\r\n\r\n<p>&nbsp;</p>\r\n\r\n<p>Tốc độ xử l&yacute; tốt hơn phải đi k&egrave;m với độ trễ thấp nhất. Ryzen Threadripper PRO 5995WX được x&acirc;y dựng tr&ecirc;n thiết kế với t&ecirc;n &ldquo;phức hợp thống nhất&rdquo; (unified complex) gi&uacute;p kết hợp nh&acirc;n v&agrave; bộ nhớ đệm L3 v&agrave;o chung một tập hợp t&agrave;i nguy&ecirc;n. Thiết kế n&agrave;y gi&uacute;p cho Ryzen Threadripper PRO 5995WX giảm thiểu độ trễ xử l&yacute; dữ liệu từ nh&acirc;n đến nh&acirc;n v&agrave; từ nh&acirc;n đến bộ nhớ đệm tạo điều kiện cho những hoạt động xử l&yacute; được thực thi một c&aacute;ch tức th&igrave;.</p>\r\n'),
(43, 17, 23, 'AMD Ryzen 9 7950X / 4.5GHz Boost 5.7GHz / 16 nhân 32 luồng / 81MB / AM5', 19590000, 27, 0, 'ryzen-9-7950X.png', '<h2><strong>Đ&aacute;nh gi&aacute; chi tiết&nbsp;AMD Ryzen 9 7950X</strong></h2>\r\n\r\n<p>&nbsp;</p>\r\n\r\n<p><a href=\"https://gearvn.com/collections/cpu-amd-ryzen\" target=\"_blank\">AMD Ryzen</a>&nbsp;9 7950X, phi&ecirc;n bản n&acirc;ng cấp của Ryzen 9 7950G sẽ mang đến hiệu năng mạnh mẽ. Hướng đến c&aacute;c c&ocirc;ng việc đ&ograve;i hỏi khả năng xử l&yacute; cao, AMD Ryzen 9 7950X sẽ kh&ocirc;ng l&agrave;m bạn thất vọng. H&atilde;y c&ugrave;ng&nbsp;<a href=\"https://gearvn.com/\" target=\"_blank\">GEARVN</a>&nbsp;t&igrave;m hiểu về chiếc&nbsp;<a href=\"https://gearvn.com/collections/cpu-bo-vi-xu-ly\" target=\"_blank\">CPU</a>&nbsp;từ AMD ngay sau đ&acirc;y nh&eacute; !</p>\r\n\r\n<p><img alt=\"GEARVN - AMD Ryzen 9 7950X / 4.5GHz Boost 5.7GHz / 16 nhân 32 luồng / 81MB / AM5\" src=\"https://file.hstatic.net/1000026716/file/gearvn-amd-ryzen-9-7950x-1_f6b438450d464cddb303d9a361bcf118.png\" /></p>\r\n\r\n<h3><strong>Ra đời với tiến tr&igrave;nh 7nm</strong></h3>\r\n\r\n<p>CPU AMD Ryzen 9 7950X thuộc thế hệ&nbsp;<a href=\"https://gearvn.com/collections/cpu-amd-ryzen-7000-series\" target=\"_blank\">Ryzen Gen 7</a>, được sản xuất với tiến tr&igrave;nh TSMC 7nm FinFET mang lại số lượng vi xử l&yacute; nhiều hơn c&ugrave;ng mật độ b&oacute;ng b&aacute;n dẫn cao hơn, được chứng minh qua tốc độ xử l&yacute; đạt 4.5GHz v&agrave; khi boost l&ecirc;n đến 5.7GHz. Với 16 nh&acirc;n 32 luồng, AMD Ryzen 9 7950X kh&ocirc;ng chỉ đem đến khả năng xử l&yacute; với tốc độ cao gi&uacute;p tối ưu thời gian l&agrave;m việc m&agrave; c&ograve;n gi&uacute;p bạn tận hưởng những tựa game AAA tr&ecirc;n những bộ&nbsp;<a href=\"https://gearvn.com/pages/pc-gvn\" target=\"_blank\">PC Gaming</a>.</p>\r\n\r\n<p><img alt=\"GEARVN - AMD Ryzen 9 7950X / 4.5GHz Boost 5.7GHz / 16 nhân 32 luồng / 81MB / AM5\" src=\"https://file.hstatic.net/1000026716/file/gearvn-amd-ryzen-9-7950x-2_17c0d0f608db487e80e112777cd324cd.png\" /></p>\r\n\r\n<blockquote>\r\n<p><strong>&gt;&gt;Xem th&ecirc;m:&nbsp;<a href=\"http://gearvn.com/blogs/thu-thuat-giai-dap/cpu-la-gi\" target=\"_blank\">C&aacute;ch chọn CPU ph&ugrave; hợp với mainboard</a>.</strong></p>\r\n</blockquote>\r\n\r\n<h3><strong>Trang bị những c&ocirc;ng nghệ ti&ecirc;n tiến nhất</strong></h3>\r\n\r\n<p>AMD Ryzen 9 7950X sinh ra d&agrave;nh cho những c&ocirc;ng việc về c&ocirc;ng nghệ đỉnh nhất như coding, AI, giả lập, &hellip;V&agrave; để hỗ trợ v&agrave;o khả năng xử l&yacute; mạnh mẽ đ&oacute;, AMD đ&atilde; mang đến cho sản phẩm của m&igrave;nh những c&ocirc;ng nghệ như:</p>\r\n\r\n<ul>\r\n	<li>\r\n	<p><strong>AMD StoreMI:</strong>&nbsp;Tăng tốc khả năng xử l&yacute;, lưu trữ của những ổ cứng HDD v&agrave; SSD bao gồm cả khả năng tăng tốc thời gian tải, khởi động, phản hồi từ hệ thống đến người d&ugrave;ng.</p>\r\n	</li>\r\n	<li>\r\n	<p><strong>AMD &quot;Zen 4&quot; Core:&nbsp;</strong>Nh&acirc;n xử l&yacute; tốc độ cao v&agrave; ti&ecirc;n tiến nhất hiện nay, phục vụ cho khả năng l&agrave;m việc v&agrave; chơi game tối ưu.</p>\r\n	</li>\r\n	<li>\r\n	<p><strong>AMD Ryzen&trade; VR-Ready Premium:&nbsp;</strong>N&acirc;ng cấp trải nghiệm VR đối với người d&ugrave;ng chuy&ecirc;n nghiệp.</p>\r\n	</li>\r\n</ul>\r\n\r\n<p><img alt=\"GEARVN - AMD Ryzen 9 7950X / 4.5GHz Boost 5.7GHz / 16 nhân 32 luồng / 81MB / AM5\" src=\"https://file.hstatic.net/1000026716/file/gearvn-amd-ryzen-9-7950x-3_cda6487b321f408ca06803cfcd3238e3.png\" /></p>\r\n'),
(44, 17, 23, 'AMD Ryzen 9 5950X / 3.4GHz Boost 4.9GHz / 16 nhân 32 luồng / 64MB / AM4', 22990000, 41, 8, 'gearvn-amd-ryzen-9-5950x-64md.png', '<h2><strong>Đ&aacute;nh gi&aacute; CPU&nbsp;AMD Ryzen 9 5950X / 64MD / 3.4GHz Boost 4.9GHz / 16 nh&acirc;n 32 luồng</strong></h2>\r\n\r\n<p><a href=\"https://gearvn.com/collections/cpu-bo-vi-xu-ly\">CPU</a>&nbsp;<strong>AMD Ryzen 9 5950X</strong>&nbsp;dẫn đầu về hiệu suất chơi game v&agrave; l&agrave;m việc đa nhiệm. Ryzen 9 5950X được AMD giới thiệu với mức hiệu suất vượt trội khi so s&aacute;nh với Ryzen 9 3950X đ&atilde; được ra mắt c&aacute;ch đ&acirc;y kh&aacute; l&acirc;u v&agrave; CPU&nbsp;<a href=\"https://gearvn.com/products/intel-core-i9-10900k\">Intel Core i9-10900K</a>&nbsp;đầu bảng của Intel trong thời điểm hiện tại. L&agrave; phi&ecirc;n bản cấp cao từ&nbsp;<a href=\"https://gearvn.com/products/amd-ryzen-9-5900x-64mb-3-7ghz-boost-4-8ghz-12-nhan-24-luong\">Ryzen 9 5900X</a>, Ryzen 9 5950X sẽ thể hiện như thế n&agrave;o sẽ được đề cập ngay sau đ&acirc;y. H&atilde;y c&ugrave;ng GEARVN t&igrave;m hiểu nh&eacute; !</p>\r\n\r\n<h3><strong>Sức mạnh được phơi b&agrave;y</strong></h3>\r\n\r\n<p>CPU AMD Ryzen 9 5950X đến từ&nbsp;<a href=\"https://gearvn.com/collections/cpu-amd-ryzen-gen5-am4\">AMD Ryzen Gen 5</a>, sở hữu 16 nh&acirc;n 32 luồng với xung nhịp xử l&yacute; đạt 3.4GHz v&agrave; tối đa l&agrave; 4.9GHz. AMD Ryzen 9 5950X đ&atilde; thể hiện sức mạnh của m&igrave;nh th&ocirc;ng qua những b&agrave;i test hiệu năng khi c&oacute; hiệu suất vượt trội tới 29% khi so Ryzen 9 3950X. Khi sử dụng Adobe Premiere Pro, V-ray, Solidworks, GCC Compile Time, CPU Ryzen 9 5950X c&oacute; hiệu suất cao hơn &iacute;t nhất l&agrave; 5% v&agrave; tối đa l&ecirc;n đến 27%. Tất cả đ&atilde; n&oacute;i l&ecirc;n sức mạnh vượt trội so với những thế hệ cũ v&agrave; l&agrave; c&aacute;i t&ecirc;n xứng đ&aacute;ng c&oacute; mặt trong những d&agrave;n&nbsp;<a href=\"https://gearvn.com/pages/pc-gvn\">PC Gaming</a>&nbsp;cao cấp.</p>\r\n\r\n<p><img alt=\"GEARVN - CPU AMD Ryzen 9 5950X\" src=\"https://file.hstatic.net/1000026716/file/gearvn-amd-ryzen-9-5950x-64md-3-4ghz-boost-4-9ghz-16-nhan-32-luong-1_484b481c1397476caf6007bac6271c38.jpg\" /></p>\r\n\r\n<blockquote>\r\n<p><strong>&gt;&gt;Xem th&ecirc;m:&nbsp;<a href=\"https://gearvn.com/blogs/thu-thuat-giai-dap/cpu-la-gi\" target=\"_blank\">C&aacute;ch chọn CPU ph&ugrave; hợp với mainboard</a>.</strong></p>\r\n</blockquote>\r\n\r\n<h3><strong>C&ocirc;ng nghệ AMD StoreMI hữu &iacute;ch</strong></h3>\r\n\r\n<p>C&ocirc;ng nghệ AMD StoreMI l&agrave; một c&ocirc;ng cụ mạnh mẽ d&agrave;nh cho những người đam m&ecirc; PC muốn cải thiện thời gian tải, thời gian khởi động, quản l&yacute; tệp hoặc khả năng phản hồi của hệ thống:</p>\r\n\r\n<ul>\r\n	<li>\r\n	<p>C&oacute; thể bạn đ&atilde; c&agrave;i đặt Windows v&agrave;o ổ cứng nhưng kh&ocirc;ng muốn c&agrave;i đặt lại bất kỳ thứ g&igrave; để c&oacute; được hiệu suất như<a href=\"https://gearvn.com/collections/ssd-o-cung-the-ran\">&nbsp;SSD</a>: StoreMI c&oacute; thể gi&uacute;p bạn.</p>\r\n	</li>\r\n	<li>\r\n	<p>Hoặc c&oacute; thể bạn ước ổ cứng chứa tất cả c&aacute;c tr&ograve; chơi của m&igrave;nh c&oacute; thể gi&uacute;p bạn tham gia trận đấu ở tốc độ SSD: StoreMI c&oacute; thể gi&uacute;p bạn.</p>\r\n	</li>\r\n	<li>\r\n	<p>C&ocirc;ng nghệ AMD StoreMI chấp nhận gh&eacute;p nối<a href=\"https://gearvn.com/collections/hdd-o-cung-pc\">&nbsp;HDD</a>&nbsp;v&agrave; SSD ở mọi dung lượng</p>\r\n	</li>\r\n</ul>\r\n\r\n<p>D&ugrave; nhu cầu tăng tốc lưu trữ của bạn l&agrave; g&igrave;, c&ocirc;ng nghệ AMD StoreMI sẽ tự động gh&eacute;p nối c&aacute;c tệp được sử dụng nhiều nhất của bạn với bộ nhớ đệm SSD để c&oacute; hiệu suất cao nhất.</p>\r\n\r\n<p><img alt=\"GEARVN - CPU AMD Ryzen 9 5950X\" src=\"https://file.hstatic.net/1000026716/file/gearvn-amd-ryzen-9-5950x-64md-3-4ghz-boost-4-9ghz-16-nhan-32-luong-2_1336868c4d7443e583799fa31cb5ead3.jpg\" /></p>\r\n\r\n<p>AMD Ryzen 9 5950X với c&ocirc;ng nghệ AMD StoreMI đ&atilde; được x&acirc;y dựng lại từ đầu với một thuật to&aacute;n mới gi&uacute;p sử dụng an to&agrave;n v&agrave; đơn giản. Giờ đ&acirc;y, cấu h&igrave;nh StoreMI chỉ đơn giản l&agrave; phản chiếu c&aacute;c tệp được sử dụng nhiều nhất của bạn v&agrave;o ổ SSD m&agrave; bạn chọn, giữ nguy&ecirc;n bản sao gốc. Phần mềm chuyển hướng liền mạch Windows&reg; v&agrave; c&aacute;c ứng dụng của bạn để sử dụng bản sao được phản chiếu nhanh hơn. Việc x&oacute;a hoặc tắt bộ nhớ cache SSD sẽ để lại tất cả c&aacute;c tệp của bạn tr&ecirc;n ổ cứng, ngay tại nơi ch&uacute;ng bắt đầu.</p>\r\n\r\n<h3><strong>N&acirc;ng cao hiệu năng AMD Ryzen&nbsp;Master Utility</strong></h3>\r\n\r\n<p>Mọi bộ xử l&yacute; AMD Ryzen đều được mở kh&oacute;a hệ số nh&acirc;n từ nh&agrave; m&aacute;y, v&igrave; vậy bạn c&oacute; thể c&aacute; nh&acirc;n h&oacute;a hiệu suất theo sở th&iacute;ch của m&igrave;nh. AMD cung cấp tiện &iacute;ch AMD Ryzen Master để tiếp cận lợi thế mạnh mẽ n&agrave;y. Như AMD Ryzen Master đ&atilde; ph&aacute;t triển để hỗ trợ một bộ ng&agrave;y c&agrave;ng đa dạng của c&aacute;c sản phẩm CPU v&agrave; t&iacute;nh năng, giao diện người d&ugrave;ng cũng đ&atilde; ph&aacute;t triển ng&agrave;y c&agrave;ng phức tạp.&nbsp;</p>\r\n\r\n<p><img alt=\"GEARVN - CPU AMD Ryzen 9 5950X\" src=\"https://file.hstatic.net/1000026716/file/gearvn-amd-ryzen-9-5950x-64md-3-4ghz-boost-4-9ghz-16-nhan-32-luong-3_ae6b21e6c49a46959b5c67ed13de6a29.jpg\" /></p>\r\n\r\n<p>CPU AMD Ryzen 9 5950X đ&atilde; ph&aacute;t triển một &ldquo;chế độ xem cơ bản&rdquo; (Basic View) hữu &iacute;ch cung cấp quyền truy cập v&agrave;o c&aacute;c t&iacute;nh năng thiết yếu nhất v&agrave; ph&eacute;p đo từ xa. Bạn c&oacute; thể chuyển đổi giữa &ldquo;chế độ xem cơ bản&rdquo; v&agrave; &ldquo;chế độ xem n&acirc;ng cao&rdquo; (Advanced View) mới để xem c&aacute;c t&iacute;nh năng &eacute;p xung ph&ugrave; hợp với bạn.</p>\r\n\r\n<h3><strong>Trải nghiệm thực tế ảo c&ugrave;ng AMD Ryzen&nbsp;VR-Ready Premium</strong></h3>\r\n\r\n<p>Đối với những người d&ugrave;ng y&ecirc;u cầu trải nghiệm VR cao cấp, AMD cung cấp bộ xử l&yacute; Ryzen VR Ready Premium hiệu năng cao . C&aacute;c m&ocirc; h&igrave;nh được chọn n&agrave;y đ&aacute;p ứng hoặc vượt qu&aacute; c&aacute;c th&ocirc;ng số kỹ thuật được đề xuất của nh&agrave; sản xuất VR-HMD h&agrave;ng đầu hiện nay l&agrave; Oculus Rift, HTC Vive hoặc Windows Mixed Reality d&agrave;nh cho bộ xử l&yacute; AMD Ryzen 9 5950X, gi&uacute;p đảm bảo trải nghiệm tốt nhất c&oacute; thể trong thế giới ảo m&agrave; bạn chọn.</p>\r\n\r\n<p><img alt=\"GEARVN - CPU AMD Ryzen 9 5950X\" src=\"https://file.hstatic.net/1000026716/file/gearvn-amd-ryzen-9-5950x-64md-3-4ghz-boost-4-9ghz-16-nhan-32-luong-4_83f51af451da4ca79c2b1d2e104e4b82.jpg\" /></p>\r\n'),
(45, 17, 23, 'AMD Ryzen 3 3200G / 6MB / 4.0GHz / 4 nhân 4 luồng / AM4', 2990000, 27, 0, 'amd-ryzen-3-4300g.png', '<h2><strong>Đ&aacute;nh gi&aacute; chi tiết bộ vi xử l&yacute;&nbsp;AMD Ryzen 3 4300G &nbsp;/ 3.8GHz Boost 4.0GHz / 4 nh&acirc;n 8 luồng / 6MB / AM4</strong></h2>\r\n\r\n<p>AMD Ryzen 3 4300G l&agrave; lựa chọn ho&agrave;n hảo cho những ai mong muốn sở hữu một bộ vi xử l&yacute; xịn trong tầm gi&aacute;. Đảm bảo n&acirc;ng cấp trải nghiệm tr&ecirc;n mọi tựa game esport như LOL hay&nbsp;CS:Go.&nbsp;</p>\r\n\r\n<h3><strong>Chip xử l&yacute; d&agrave;nh cho game esports gi&aacute; rẻ, hiệu năng cao</strong></h3>\r\n\r\n<p>Thật vậy, trong thời buỗi b&atilde;o gi&aacute; card m&agrave;n h&igrave;nh hiện nay th&igrave; AMD với con chip Ryzen 3 4300G n&agrave;y đ&atilde; đem đến một cơn gi&oacute; mới m&aacute;t l&agrave;nh thỏa m&atilde;n cơn kh&aacute;t cho game thủ esport với hầu bao hạn chế. Chip t&iacute;ch hợp sẵn card đồ họa Vega 8 mang lại khả năng c&acirc;n max setting ở độ ph&acirc;n giải fullhd đối với c&aacute;c game esports nhẹ nh&agrave;ng hiện nay như LOL với hơn 100FPS thật đ&uacute;ng l&agrave; một m&oacute;n hời.</p>\r\n\r\n<p><img alt=\"GEARVN - AMD Ryzen 3 4300G  / 3.8GHz Boost 4.0GHz / 4 nhân 8 luồng / 6MB / AM4\" src=\"https://file.hstatic.net/1000026716/file/gearvn-amd-ryzen-3-4300g-4mb-4-0ghz-4-nhan-8-luong-am4-1_882c3e5c9c9c4bfb857265c01c9f53f9.png\" /></p>\r\n\r\n<p>&nbsp;</p>\r\n\r\n<blockquote>\r\n<p>&gt;&gt;Xem th&ecirc;m:&nbsp;<a href=\"https://gearvn.com/blogs/thu-thuat-giai-dap/cpu-la-gi\" target=\"_blank\">C&aacute;ch chọn CPU ph&ugrave; hợp với mainboard</a>.</p>\r\n</blockquote>\r\n\r\n<h3><strong>Hiệu năng tối ưu, chi ph&iacute; hợp l&yacute;</strong></h3>\r\n\r\n<p>&nbsp;</p>\r\n\r\n<p>Một lần nữa AMD lại cho thấy triết l&yacute; kinh doanh v&igrave; người ti&ecirc;u d&ugrave;ng. Ch&uacute;ng ta c&oacute; một con chip 4 nh&acirc;n 8 luồng với xung cơ bản 3.8Ghz kh&aacute; cao, v&agrave; c&oacute; thể turbo l&ecirc;n 4.0Ghz dễ d&agrave;ng.Xử l&yacute; mọi t&aacute;c vụ văn ph&ograve;ng cơ bản thoải m&aacute;i. Ngo&agrave;i ra cũng c&oacute; thể chỉnh sửa ảnh v&agrave; video một c&aacute;ch nhẹ nh&agrave;ng nếu bạn cung cấp một mức RAM tốt th&igrave; chip đồ họa đi k&egrave;m Vega 8 đảm bảo l&agrave;m bạn&nbsp;h&agrave;i l&ograve;ng.</p>\r\n');
INSERT INTO `product` (`product_id`, `category_id`, `brand_id`, `product_name`, `product_price`, `product_discount`, `product_amount`, `product_thumnail`, `product_description`) VALUES
(46, 17, 23, 'AMD Ryzen 5 5600X / 3.7GHz Boost 4.6GHz / 6 nhân 12 luồng / 32MB / AM4', 5490000, 28, -2, 'products-amd-ryzen-5-5600x.png', '<h2><strong>Đ&aacute;nh gi&aacute; CPU AMD Ryzen 5 5600X / 32MB / 3.7GHz Boost 4.6GHz / 6 nh&acirc;n 12 luồng</strong></h2>\r\n\r\n<p>CPU<strong>&nbsp;AMD Ryzen 5 5600X</strong>&nbsp;(3.7GHz Boost 4.6GHz | 6 Nh&acirc;n / 12 Luồng | 32MB Cache | PCIe 4.0) l&agrave; bộ vi xử l&yacute; ti&ecirc;n tiến nhất thế giới d&agrave;nh cho người chơi game v&agrave; s&aacute;ng tạo nội dung, n&oacute; đem đến khả năng v&ocirc; tận cho những ai đang khao kh&aacute;t c&oacute; được một con chip m&atilde;nh mẽ để sử l&yacute; tr&ocirc;i chảy mọi việc.</p>\r\n\r\n<p><img src=\"https://product.hstatic.net/1000026716/product/-products-amd-ryzen-5-5600x-32mb-3-7ghz-boost-4-6ghz-6-nhan-12-luong-1_064ea02033974b0fae49158951cc74dd_large.png\" /></p>\r\n\r\n<p>Mang đến&nbsp;sức mạnh cho thế hệ tiếp theo của c&aacute;c tr&ograve; chơi đ&ograve;i hỏi khắt khe nhất, mang đến một trải nghiệm nhập vai c&oacute; một kh&ocirc;ng hai v&agrave; thống trị mọi t&aacute;c vụ đa luồng như 3D v&agrave; kết xuất video cũng như bi&ecirc;n dịch phần mềm.</p>\r\n\r\n<blockquote>\r\n<p><strong>&gt;&gt;Xem th&ecirc;m:&nbsp;<a href=\"https://gearvn.com/blogs/thu-thuat-giai-dap/cpu-la-gi\" target=\"_blank\">C&aacute;ch chọn CPU ph&ugrave; hợp với mainboard</a>.</strong></p>\r\n</blockquote>\r\n\r\n<h3><strong>C&ocirc;ng nghệ thế hệ mới</strong></h3>\r\n\r\n<p><strong>Bộ xử l&yacute; Ryzen 5 5600X</strong>&nbsp;c&oacute; tất cả c&aacute;c t&iacute;nh năng tốt nhất để gi&uacute;p bạn chơi game. Với sức mạnh xử l&yacute; tuyệt vời đi k&egrave;m với c&aacute;c c&ocirc;ng nghệ ti&ecirc;n tiến hỗ trợ. Tất cả c&aacute;c bộ xử l&yacute; Ryzen 5600X đều đi k&egrave;m với bộ c&ocirc;ng nghệ được thiết kế để n&acirc;ng cao sức mạnh xử l&yacute; của những&nbsp;bộ PC Gaming, bao gồm Precision Boost 2, Precision Boost Overdrive v&agrave; PCIe&reg; 4.0.</p>\r\n\r\n<p><img src=\"https://product.hstatic.net/1000026716/product/-products-amd-ryzen-5-5600x-32mb-3-7ghz-boost-4-6ghz-6-nhan-12-luong-2_6063e1f4a9b048c3b174612e21268cb9_large.png\" /></p>\r\n\r\n<h3><strong>AMD StoreMI Technology</strong></h3>\r\n\r\n<p>C&ocirc;ng nghệ AMD StoreMI l&agrave; một c&ocirc;ng cụ mạnh mẽ d&agrave;nh cho những người đam m&ecirc; PC muốn cải thiện thời gian tải, thời gian khởi động, quản l&yacute; tệp hoặc khả năng phản hồi của hệ thống:</p>\r\n\r\n<ul>\r\n	<li>C&oacute; thể bạn đ&atilde; c&agrave;i đặt Windows v&agrave;o ổ cứng nhưng kh&ocirc;ng muốn c&agrave;i đặt lại bất kỳ thứ g&igrave; để c&oacute; được hiệu suất như SSD: StoreMI c&oacute; thể gi&uacute;p bạn.</li>\r\n	<li>Hoặc c&oacute; thể bạn ước ổ cứng chứa tất cả c&aacute;c tr&ograve; chơi của m&igrave;nh c&oacute; thể gi&uacute;p bạn tham gia trận đấu ở tốc độ SSD: StoreMI c&oacute; thể gi&uacute;p bạn.</li>\r\n	<li>C&ocirc;ng nghệ AMD StoreMI chấp nhận gh&eacute;p nối HDD&nbsp;v&agrave; SSD ở mọi dung lượng</li>\r\n</ul>\r\n\r\n<p>D&ugrave; nhu cầu tăng tốc lưu trữ của bạn l&agrave; g&igrave;, c&ocirc;ng nghệ AMD StoreMI sẽ tự động gh&eacute;p nối c&aacute;c tệp được sử dụng nhiều nhất của bạn với bộ nhớ đệm SSD để c&oacute; hiệu suất cao nhất.</p>\r\n\r\n<p><img src=\"https://product.hstatic.net/1000026716/product/-products-amd-ryzen-5-5600x-32mb-3-7ghz-boost-4-6ghz-6-nhan-12-luong-3_d5fdd284d62c4333bc906a6bddca218b_large.jpg\" /></p>\r\n\r\n<p>C&ocirc;ng nghệ AMD StoreMI đ&atilde; được x&acirc;y dựng lại từ đầu với một thuật to&aacute;n mới gi&uacute;p sử dụng an to&agrave;n v&agrave; đơn giản.&nbsp;Giờ đ&acirc;y, cấu h&igrave;nh StoreMI chỉ đơn giản l&agrave; phản chiếu c&aacute;c tệp được sử dụng nhiều nhất của bạn v&agrave;o ổ SSD m&agrave; bạn chọn, giữ nguy&ecirc;n bản sao gốc.&nbsp;Phần mềm chuyển hướng liền mạch Windows v&agrave; c&aacute;c ứng dụng của bạn để sử dụng bản sao được phản chiếu nhanh hơn.</p>\r\n\r\n<h3><strong>AMD Ryzen&trade; Master Utility</strong></h3>\r\n\r\n<p>&nbsp;</p>\r\n\r\n<p>&nbsp;</p>\r\n\r\n<p>&nbsp;</p>\r\n\r\n<p>&nbsp;</p>\r\n\r\n<p>&nbsp;</p>\r\n\r\n<p>&nbsp;</p>\r\n\r\n<p>&nbsp;</p>\r\n\r\n<p>&nbsp;</p>\r\n\r\n<p>&nbsp;</p>\r\n\r\n<p>Mọi bộ xử l&yacute; AMD Ryzen đều được mở kh&oacute;a hệ số nh&acirc;n từ nh&agrave; m&aacute;y, v&igrave; vậy bạn c&oacute; thể c&aacute; nh&acirc;n h&oacute;a hiệu suất theo sở th&iacute;ch của m&igrave;nh.&nbsp;AMD cung cấp tiện &iacute;ch AMD Ryzen Master để tiếp cận lợi thế mạnh mẽ n&agrave;y.&nbsp;Như AMD Ryzen Master đ&atilde; ph&aacute;t triển để hỗ trợ một bộ ng&agrave;y c&agrave;ng đa dạng của c&aacute;c sản phẩm CPU v&agrave; t&iacute;nh năng, giao diện người d&ugrave;ng cũng đ&atilde; ph&aacute;t triển ng&agrave;y c&agrave;ng phức tạp.&nbsp;</p>\r\n\r\n<p><img src=\"https://product.hstatic.net/1000026716/product/-products-amd-ryzen-5-5600x-32mb-3-7ghz-boost-4-6ghz-6-nhan-12-luong-4_5e13ccbbb1944eb999611266b8a6cfd1_large.jpg\" /></p>\r\n\r\n<p><strong>CPU AMD Ryzen 5 5600X</strong>&nbsp;đ&atilde; ph&aacute;t triển một &ldquo;chế độ xem cơ bản&rdquo; hữu &iacute;ch cung cấp quyền truy cập v&agrave;o c&aacute;c t&iacute;nh năng thiết yếu nhất v&agrave; ph&eacute;p đo từ xa.&nbsp;Bạn c&oacute; thể chuyển đổi giữa &ldquo;chế độ xem cơ bản&rdquo; v&agrave; &ldquo;chế độ xem n&acirc;ng cao&rdquo; mới để xem c&aacute;c t&iacute;nh năng &eacute;p xung ph&ugrave; hợp với bạn.</p>\r\n\r\n<p>&nbsp;</p>\r\n\r\n<p>&nbsp;</p>\r\n\r\n<p>&nbsp;</p>\r\n\r\n<p>&nbsp;</p>\r\n\r\n<p>&nbsp;</p>\r\n\r\n<p>&nbsp;</p>\r\n\r\n<p>&nbsp;</p>\r\n\r\n<h3><strong>AMD Ryzen&trade; VR-Ready Premium</strong></h3>\r\n\r\n<p>&nbsp;</p>\r\n\r\n<p><img src=\"https://file.hstatic.net/1000026716/file/gearvn-amd-ryzen-5-5600x-32mb-3-7ghz-boost-4-6ghz-6-nhan-12-luong_4e3cbabb3a2b4bdca734d375a7200d6d_1024x1024.png\" /></p>\r\n\r\n<p>&nbsp;</p>\r\n\r\n<p>&nbsp;</p>\r\n\r\n<p>&nbsp;</p>\r\n\r\n<p>&nbsp;</p>\r\n\r\n<p>&nbsp;</p>\r\n\r\n<p>&nbsp;</p>\r\n\r\n<p>&nbsp;</p>\r\n\r\n<p>&nbsp;</p>\r\n\r\n<p>&nbsp;</p>\r\n\r\n<p>Đối với những người d&ugrave;ng y&ecirc;u cầu trải nghiệm VR cao cấp, AMD cung cấp bộ xử l&yacute; Ryzen VR Ready Premium&nbsp;1&nbsp;hiệu năng cao&nbsp;.&nbsp;C&aacute;c m&ocirc; h&igrave;nh được chọn n&agrave;y đ&aacute;p ứng hoặc vượt qu&aacute; c&aacute;c th&ocirc;ng số kỹ thuật được đề xuất của nh&agrave; sản xuất VR-HMD h&agrave;ng đầu hiện nay l&agrave; Oculus Rift, HTC Vive hoặc Windows Mixed Reality d&agrave;nh cho bộ xử l&yacute; CPU AMD Ryzen 5 5600X, gi&uacute;p đảm bảo trải nghiệm tốt nhất c&oacute; thể trong thế giới ảo m&agrave; bạn chọn.</p>\r\n'),
(47, 20, 19, 'MSI GeForce RTX 4060 Ti GAMING X TRIO 8G', 14490000, 3, 6, 'MSI-4060ti.png', '<h2><strong>Đ&aacute;nh gi&aacute; chi tiết card m&agrave;n h&igrave;nh&nbsp;MSI GeForce RTX 4060 Ti GAMING X TRIO 8G</strong></h2>\r\n\r\n<p>Để trải nghiệm chơi game&nbsp;<a href=\"https://gearvn.com/pages/pc-gvn\" target=\"_blank\">PC</a>&nbsp;trọn vẹn th&igrave; d&agrave;n m&aacute;y của bạn kh&ocirc;ng thể thiếu đi một chiếc card m&agrave;n h&igrave;nh xịn.&nbsp;MSI GeForce RTX 4060 Ti GAMING X TRIO 8G sở hữu thiết kế sang trọng, hiệu suất xử l&yacute; đồ họa tuyệt đỉnh với nhiều cải tiến được ưu &aacute;i từ nh&agrave; MSI. C&ugrave;ng GEARVN t&igrave;m hiểu về chiếc&nbsp;<a href=\"https://gearvn.com/collections/vga-card-man-hinh\" target=\"_blank\">VGA</a>&nbsp;sang - xịn - mịn nh&agrave; Rồng nh&eacute;!&nbsp;</p>\r\n\r\n<p><img alt=\"GEARVN MSI GeForce RTX 4060 Ti GAMING X TRIO 8G\" src=\"https://file.hstatic.net/1000026716/file/gearvn-msi-geforce-rtx-4060-ti-gaming-x-trio-8g-1_3d5dd2bf9e714e2e88f3aa7763f9fcaa_1024x1024.png\" /></p>\r\n\r\n<p>&nbsp;</p>\r\n\r\n<h3><strong>Thiết kế d&agrave;nh ri&ecirc;ng cho game thủ v&agrave; nh&agrave; s&aacute;ng tạo&nbsp;</strong></h3>\r\n\r\n<p>Chiếc card m&agrave;n h&igrave;nh&nbsp;<a href=\"https://gearvn.com/collections/laptop-msi-gaming\" target=\"_blank\">MSI</a>&nbsp;nằm trong d&ograve;ng sản phẩm&nbsp;GeForce&nbsp;<a href=\"https://gearvn.com/collections/vga-rtx-4060-ti\" target=\"_blank\">RTX 4060 Ti</a>&nbsp;mạnh mẽ nhất từ trước đến nay. N&acirc;ng cấp hiệu suất ph&aacute;t trực tuyến cho game thủ vừa chơi game vừa livestream mượt m&agrave; l&ecirc;n đến 2 lần. C&ocirc;ng nghệ NVIDIA DLSS3 v&agrave; kiến tr&uacute;c NVIDIA Ada Lovelace n&acirc;ng cấp hiệu suất AI, khả năng xử l&yacute; đồ họa&nbsp;vượt trội.&nbsp;</p>\r\n\r\n<p><img alt=\"GEARVN MSI GeForce RTX 4060 Ti GAMING X TRIO 8G\" src=\"https://file.hstatic.net/1000026716/file/gearvn-msi-geforce-rtx-4060-ti-gaming-x-trio-8g-2_4bfeecc1c54a45fabf0c18e70352d2e3.jpg\" /></p>\r\n\r\n<p>&nbsp;</p>\r\n\r\n<h3><strong>Nghệ thuật l&agrave;m m&aacute;t tr&ecirc;n&nbsp;MSI GeForce RTX 4060 Ti GAMING X TRIO 8G</strong></h3>\r\n\r\n<p>Phải n&oacute;i MSI thật biết c&aacute;ch lắng nghe những mong muốn từ c&aacute;c game thủ. Vừa muốn tận hưởng hiệu suất tuyệt vời khi chiến game vừa muốn sở hữu&nbsp;kiểu d&aacute;ng nổi bật cho d&agrave;n PC rực rỡ.&nbsp;MSI GeForce RTX 4060 Ti GAMING X TRIO 8G được ra đời với sự kết hợp giữa hiệu suất v&agrave; ngoại h&igrave;nh bắt mắt như thế.</p>\r\n\r\n<p><img alt=\"GEARVN MSI GeForce RTX 4060 Ti GAMING X TRIO 8G\" src=\"https://file.hstatic.net/1000026716/file/gearvn-msi-geforce-rtx-4060-ti-gaming-x-trio-8g-3_11f769dbcd1a408d9a96237f8bd10e4e_1024x1024.png\" /></p>\r\n\r\n<p>&nbsp;</p>\r\n\r\n<p>MSI GeForce RTX 4060 Ti trang bị thiết kế&nbsp;<a href=\"https://gearvn.com/collections/tan-nhiet-khi\" target=\"_blank\">tản nhiệt</a>&nbsp;TRI FROZR 3&nbsp;để duy tr&igrave; hiệu suất xuy&ecirc;n suốt. Sử dụng quạt TORX 5.0 để n&acirc;ng cao tốc độ lưu th&ocirc;ng gi&oacute;. C&aacute;nh quạt được chia th&agrave;nh 3 bộ với độ nghi&ecirc;ng 22 độ tỉ mỉ nhằm tạo luồng gi&oacute; mạnh mẽ ngay cả khi quạt quay ở tốc độ chậm. So với quạt hướng trục th&igrave; quạt TORX 5.0 tr&ecirc;n&nbsp;MSI GeForce RTX 4060 Ti GAMING X TRIO 8G tạo luồng kh&ocirc;ng kh&iacute; tăng l&ecirc;n 23%. Kết hợp c&ugrave;ng v&ograve;ng chắn xung quanh c&aacute;c c&aacute;nh quạt để điều hướng luồng gi&oacute; chuyển động mượt m&agrave; v&agrave; len lỏi v&agrave;o hệ thống nhanh hơn.&nbsp;</p>\r\n\r\n<p><img alt=\"GEARVN MSI GeForce RTX 4060 Ti GAMING X TRIO 8G\" src=\"https://file.hstatic.net/1000026716/file/gearvn-msi-geforce-rtx-4060-ti-gaming-x-trio-8g-4_0bf620be34ee485cad722d9d44746a30_grande.png\" /></p>\r\n\r\n<p>&nbsp;</p>\r\n\r\n<p>Tr&ecirc;n&nbsp;MSI GeForce RTX 4060 Ti c&ograve;n trang bị th&ecirc;m tấm đồng tản nhiệt trực tiếp v&ocirc; c&ugrave;ng hiệu quả. Khi kh&iacute; n&oacute;ng sản sinh tr&ecirc;n GPU v&agrave; c&aacute;c m&ocirc;-đun bộ nhớ năng lực của tấm đồng n&agrave;y sẽ lặp tức ph&aacute;t huy. N&oacute; sẽ hấp thụ kh&iacute; n&oacute;ng v&agrave; chuyển đến ống dẫn nhiệt&nbsp;nhờ v&agrave;o chất liệu đồng mạ niken cao cấp.&nbsp;</p>\r\n\r\n<p><img alt=\"GEARVN MSI GeForce RTX 4060 Ti GAMING X TRIO 8G\" src=\"https://file.hstatic.net/1000026716/file/gearvn-msi-geforce-rtx-4060-ti-gaming-x-trio-8g-5_4942dc5b25884a07b650b8a2a550136d.png\" /></p>\r\n\r\n<p>&nbsp;</p>\r\n\r\n<p>MSI rất đầu tư v&agrave;o việc chế tạo ống l&otilde;i b&ecirc;n trong&nbsp;MSI GeForce RTX 4060 Ti. Tận dụng tối đa kh&ocirc;ng gian để mang đến hiệu quả l&agrave;m m&aacute;t. Mặt tiếp x&uacute;c h&igrave;nh vu&ocirc;ng sẽ được gắn liền với đế GPU để truyền nhiệt theo to&agrave;n bộ chiều d&agrave;i của tản nhiệt.&nbsp;</p>\r\n\r\n<p><img alt=\"GEARVN MSI GeForce RTX 4060 Ti GAMING X TRIO 8G\" src=\"https://file.hstatic.net/1000026716/file/gearvn-msi-geforce-rtx-4060-ti-gaming-x-trio-8g-6_8f6d336e27a34036b8893668c03e776a.png\" /></p>\r\n\r\n<p>&nbsp;</p>\r\n\r\n<p>Nhờ v&agrave;o Wave Curved 2.0 luồng kh&ocirc;ng kh&iacute; từ&nbsp;MSI GeForce RTX 4060 Ti sẽ dễ được kiểm so&aacute;t để mang lại hiệu quả tản nhiệt hơn. Bộ phận đổi hướng sẽ được tối ưu để tạo ra m&ocirc;i trường l&agrave;m m&aacute;t y&ecirc;n tĩnh cho hệ thống.</p>\r\n\r\n<p><img alt=\"GEARVN MSI GeForce RTX 4060 Ti GAMING X TRIO 8G\" src=\"https://file.hstatic.net/1000026716/file/gearvn-msi-geforce-rtx-4060-ti-gaming-x-trio-8g-7_7a88f40c6d88447990fc15330073bdfc.png\" /></p>\r\n\r\n<p>&nbsp;</p>\r\n\r\n<h3><strong>Đầu tư từng chi tiết</strong></h3>\r\n\r\n<p>MSI GeForce RTX 4060 Ti thiết kế tấm lưng sang trọng với logo h&igrave;nh rồng nổi bật. T&acirc;m của hai&nbsp;<a href=\"https://gearvn.com/collections/fan-rgb-tan-nhiet-pc\" target=\"_blank\">quạt tản nhiệt</a>&nbsp;cũng đặt logo rồng để l&agrave;m nổi bật sản phẩm đậm phong c&aacute;ch ri&ecirc;ng MSI.&nbsp;</p>\r\n\r\n<p><img alt=\"GEARVN MSI GeForce RTX 4060 Ti GAMING X TRIO 8G\" src=\"https://file.hstatic.net/1000026716/file/gearvn-msi-geforce-rtx-4060-ti-gaming-x-trio-8g-8_225de41fa38d403290cf2cbf930d4b14_grande.png\" /></p>\r\n\r\n<p>&nbsp;</p>\r\n\r\n<p>DrMOS mang lại giải ph&aacute;p kiếm so&aacute;t điện &aacute;p n&acirc;ng cao. Đem lại hiệu quả trong việc điều tiết d&ograve;ng điện, hạn chế những tổn thất xảy ra.&nbsp;</p>\r\n\r\n<p><img alt=\"GEARVN MSI GeForce RTX 4060 Ti GAMING X TRIO 8G\" src=\"https://file.hstatic.net/1000026716/file/gearvn-msi-geforce-rtx-4060-ti-gaming-x-trio-8g-9_eed7b38ea839455d95d299de61923854.jpg\" /></p>\r\n\r\n<p>&nbsp;</p>\r\n\r\n<p>Trang bị nhiều miếng đệm nhiệt bằng đất s&eacute;t để hỗ trợ việc l&agrave;m m&aacute;t bổ sung tr&ecirc;n c&aacute;c th&agrave;nh phần&nbsp;<a href=\"https://gearvn.com/collections/mainboard-bo-mach-chu\" target=\"_blank\">mainboard</a>.&nbsp;</p>\r\n\r\n<p><img alt=\"GEARVN MSI GeForce RTX 4060 Ti GAMING X TRIO 8G\" src=\"https://file.hstatic.net/1000026716/file/gearvn-msi-geforce-rtx-4060-ti-gaming-x-trio-8g-10_729b82b35c284882833423c36b47e5ae.jpg\" /></p>\r\n\r\n<p>&nbsp;</p>\r\n\r\n<p>Cầu ch&igrave; t&iacute;ch hợp trong PCB mang lại biện ph&aacute;p bảo vệ chống hư hại về điện.&nbsp;</p>\r\n\r\n<p><img alt=\"GEARVN MSI GeForce RTX 4060 Ti GAMING X TRIO 8G\" src=\"https://file.hstatic.net/1000026716/file/gearvn-msi-geforce-rtx-4060-ti-gaming-x-trio-8g-11_3a57dd37849d4196be57f14d4ca24c8a.jpg\" /></p>\r\n'),
(48, 20, 26, 'ASUS Dual GeForce RTX 3060 White 8G GDDR6', 10990000, 27, 13, '9af2640a41.png', '<h2><strong>Đ&aacute;nh gi&aacute; chi tiết card m&agrave;n h&igrave;nh&nbsp;ASUS Dual GeForce RTX 3060 White 8G GDDR6</strong></h2>\r\n\r\n<p>Sinh ra trong thế hệ card m&agrave;n h&igrave;nh đầy triển vọng l&agrave; RTX 30 Series,&nbsp;<a href=\"https://gearvn.com/collections/vga-rtx-ampere-3060-12gb\" target=\"_blank\">RTX 3060</a>&nbsp;cũng đ&atilde; kịp khẳng định t&ecirc;n tuổi của m&igrave;nh với những m&agrave;n tr&igrave;nh diễn tuyệt vời. Ch&iacute;nh v&igrave; vậy, ASUS đ&atilde; kết hợp c&ugrave;ng GPU từ NVIDIA để tạo ra phi&ecirc;n bản ASUS Dual GeForce RTX 3060 White 8G GDDR6. C&ugrave;ng GEARVN t&igrave;m hiểu ngay chiếc VGA n&agrave;y ngay sau đ&acirc;y nh&eacute;!</p>\r\n\r\n<h3><strong>Thiết kế trực quan với Dual Fan</strong></h3>\r\n\r\n<p>Kh&ocirc;ng sở hữu vẻ ngo&agrave;i&nbsp;hầm hố như những người anh em, ASUS Dual GeForce RTX 3060 được ho&agrave;n thiện với khả năng tối ưu cho mục đ&iacute;ch sử dụng. C&aacute;c chi tiết sắc nhọn tr&ecirc;n&nbsp;<a href=\"https://gearvn.com/collections/vga-card-man-hinh\">card m&agrave;n h&igrave;nh</a>&nbsp;được loại bỏ để thay v&agrave;o đ&oacute; những đường bo cua mềm mại c&ugrave;ng với những họa tiết đậm chất từ ASUS khi kết hợp c&ugrave;ng RTX từ NVIDIA. C&ugrave;ng với k&iacute;ch thước vừa kh&iacute;t cho 2 chiếc quạt tản nhiệt, ASUS Dual GeForce RTX 3060 sẽ l&agrave; lựa chọn tuyệt vời d&agrave;nh cho mọi k&iacute;ch thước case.</p>\r\n\r\n<p><img alt=\"GEARVN ASUS Dual GeForce RTX 3060 White 8G GDDR6\" src=\"https://file.hstatic.net/1000026716/file/gearvn-asus-dual-geforce-rtx-3060-white-8g-gddr6-1_84dd160556e24b34b439fb9ee1f72bf5_1024x1024.png\" /></p>\r\n\r\n<h3><strong>Khả năng tản nhiệt cao cấp&nbsp;</strong></h3>\r\n\r\n<p>Cả 2 chiếc&nbsp;<a href=\"https://gearvn.com/collections/fan-rgb-tan-nhiet-pc\">fan tản nhiệt</a>&nbsp;tr&ecirc;n ASUS Dual GeForce RTX 3060 White 8G GDDR6 đều được sản xuất với c&ocirc;ng nghệ Axial-tech, từ đ&oacute; luồng gi&oacute; được tập trung tốt hơn v&agrave;o trong thiết bị. C&ugrave;ng với đ&oacute;, những chiếc quạt &aacute;p dụng c&ocirc;ng nghệ 0dB vừa th&ocirc;ng minh vừa tối ưu khi c&oacute; thể tự động ngưng hoạt động khi nhiệt độ vừa phải m&agrave; c&ograve;n v&ocirc; c&ugrave;ng &ecirc;m &aacute;i trong qu&aacute; tr&igrave;nh l&agrave;m việc.</p>\r\n\r\n<p><img alt=\"GEARVN ASUS Dual GeForce RTX 3060 White 8G GDDR6\" src=\"https://file.hstatic.net/1000026716/file/gearvn-asus-dual-geforce-rtx-3060-white-8g-gddr6-2_fe3d12b13c4544bdbed87e8efbcb6138.png\" /></p>\r\n\r\n<p>Cả hai chiếc fan tản nhiệt của ASUS Dual GeForce RTX 3060 White 8G GDDR6 sẽ được hoạt động với v&ograve;ng bi trục k&eacute;p. Nhờ đ&oacute; m&agrave; cốt l&otilde;i của hệ thống tản nhiệt tr&ecirc;n chiếc card m&agrave;n h&igrave;nh ASUS sẽ được đảm bảo về tuổi thọ hoạt động nhờ v&agrave;o độ bền bỉ của ch&iacute;nh v&ograve;ng bi k&eacute;p ấy.</p>\r\n\r\n<p><img alt=\"GEARVN ASUS Dual GeForce RTX 3060 White 8G GDDR6\" src=\"https://file.hstatic.net/1000026716/file/gearvn-asus-dual-geforce-rtx-3060-white-8g-gddr6-3_277d2f356b8e43c1b0ae2bec7b1f5db7.png\" /></p>\r\n\r\n<p>Tất cả được gh&eacute;p nối với lối thiết kế 2-slot gi&uacute;p cho mọi chi tiết g&oacute;p phần v&agrave;o c&ocirc;ng dụng tản nhiệt tr&ecirc;n ASUS Dual GeForce RTX 3060 White 8G GDDR6 được kết nối v&agrave; phối hợp h&agrave;i h&ograve;a với nhau. Tận dụng mọi khả năng đ&oacute;ng g&oacute;p v&agrave;o hoạt động chung của chiếc VGA.</p>\r\n\r\n<p><img alt=\"GEARVN ASUS Dual GeForce RTX 3060 White 8G GDDR6\" src=\"https://file.hstatic.net/1000026716/file/gearvn-asus-dual-geforce-rtx-3060-white-8g-gddr6-4_0c251d824dd64dceb08790450c5830ac.png\" /></p>\r\n\r\n<h3><strong>Ho&agrave;n thiện với những tinh t&uacute;y hiện đại</strong></h3>\r\n\r\n<p>Tất cả những th&agrave;nh phần của ASUS Dual GeForce RTX 3060 White 8G GDDR6 được kết hợp với nhau th&ocirc;ng qua qu&aacute; tr&igrave;nh lắp r&aacute;p c&ocirc;ng nghệ cao Auto-Extreme. Mọi c&ocirc;ng việc sẽ được những m&aacute;y m&oacute;c thực hiện chỉ trong một lần hoạt động. Nhờ vậy, tất cả những linh kiện sẽ được giảm thiểu tối đa về lượng nhiệt phải chịu. C&ugrave;ng với đ&oacute;, ASUS cũng tr&aacute;nh sử dụng những chất tẩy rửa h&oacute;a học mạnh, ti&ecirc;u thụ điện năng &iacute;t hơn nhưng vẫn đảm bảo một tổng thể tốt nhất cho người d&ugrave;ng. Từ đ&oacute; vừa gi&uacute;p bảo vệ m&ocirc;i trường vừa tối ưu cho ch&iacute;nh thương hiệu.</p>\r\n\r\n<p><img alt=\"GEARVN ASUS Dual GeForce RTX 3060 White 8G GDDR6\" src=\"https://file.hstatic.net/1000026716/file/gearvn-asus-dual-geforce-rtx-3060-white-8g-gddr6-5_37900131c0e245a6bb55a4a48203119e.png\" /></p>\r\n\r\n<h3><strong>Backplate cứng c&aacute;p</strong></h3>\r\n\r\n<p>Mọi vi mạch sau lưng của ASUS Dual GeForce RTX 3060&nbsp;sẽ được bảo vệ bởi tấm backplate từ nh&ocirc;m cứng c&aacute;p v&agrave; mạnh mẽ. Đ&acirc;y sẽ l&agrave; &ldquo;r&agrave;o chắn&rdquo; bảo vệ uy t&iacute;n cho mọi cấu tr&uacute;c vi mạch trong card m&agrave;n h&igrave;nh v&agrave; k&egrave;m theo đ&oacute; l&agrave; sự bảo vệ tối đa cho tổng thể của sản phẩm.</p>\r\n\r\n<p><img alt=\"GEARVN ASUS Dual GeForce RTX 3060 White 8G GDDR6\" src=\"https://file.hstatic.net/1000026716/file/gearvn-asus-dual-geforce-rtx-3060-white-8g-gddr6-6_bd345ef130d648b5b9607d084bec2ed0.png\" /></p>\r\n\r\n<h3><strong>Bền bỉ ở vị tr&iacute; gi&aacute; đỡ</strong></h3>\r\n\r\n<p>Để đảm bảo sự an t&acirc;m trong việc lắp đặt ASUS Dual GeForce RTX 3060 White 8G GDDR6 v&agrave;o&nbsp;<a href=\"https://gearvn.com/collections/case-thung-may-tinh\">case m&aacute;y t&iacute;nh</a>, ASUS đ&atilde; trang bị cho sản phẩm của m&igrave;nh phần gi&aacute; đỡ l&agrave;m từ th&eacute;p kh&ocirc;ng gỉ. Ngo&agrave;i khả năng chống ăn m&ograve;n do m&ocirc;i trường th&igrave; sự cứng c&aacute;p khi được cố định v&agrave;o trong&nbsp;<a href=\"https://gearvn.com/pages/pc-gvn\">d&agrave;n PC</a>&nbsp;cũng sẽ l&agrave; c&uacute; ăn điểm trong mắt người d&ugrave;ng.</p>\r\n\r\n<p><img alt=\"GEARVN ASUS Dual GeForce RTX 3060 White 8G GDDR6\" src=\"https://file.hstatic.net/1000026716/file/gearvn-asus-dual-geforce-rtx-3060-white-8g-gddr6-7_1cbab51cd5634e1e884ebef4d4f9f7e5_grande.png\" /></p>\r\n\r\n<h3><strong>Tối ưu hiệu quả sử dụng</strong></h3>\r\n\r\n<p>Nhằm gi&uacute;p người d&ugrave;ng một khả năng tận dụng tối đa hiệu quả từ ASUS Dual GeForce RTX 3060 White 8G GDDR6, những phần mềm đi k&egrave;m sẽ l&agrave; &ldquo;trợ thủ&rdquo; cực k&igrave; hữu &iacute;ch trong qu&aacute; tr&igrave;nh sử dụng. Mọi yếu tố trong qu&aacute; tr&igrave;nh hoạt động được điều khiển th&ocirc;ng qua GPU Tweak, n&acirc;ng cấp chất lượng livestream c&ugrave;ng XSplit v&agrave; QuantumCloud gi&uacute;p bạn kiếm tiền online th&ocirc;ng qua việc chia sẻ sức mạnh card đồ họa.</p>\r\n\r\n<p><img alt=\"GEARVN ASUS Dual GeForce RTX 3060 White 8G GDDR6\" src=\"https://file.hstatic.net/1000026716/file/gearvn-asus-dual-geforce-rtx-3060-white-8g-gddr6-8_c1f89c7a15c24116aa8dc724211c142e.png\" /></p>\r\n\r\n<h3><strong>Mượt m&agrave; c&ugrave;ng NVIDIA G-Sync</strong></h3>\r\n\r\n<p>Những chi tiết, h&igrave;nh ảnh v&agrave; đồ họa đi ra từ ASUS Dual GeForce RTX 3060 White 8G GDDR6&nbsp;khi được tr&igrave;nh chiếu sẽ trở n&ecirc;n tối ưu v&agrave; mượt m&agrave; với NVIDIA G-Sync. Bạn sẽ thoải m&aacute;i tận hưởng những tựa game AAA tr&ecirc;n những chiếc&nbsp;<a href=\"https://gearvn.com/pages/man-hinh\">m&agrave;n h&igrave;nh m&aacute;y t&iacute;nh</a>&nbsp;độ ph&acirc;n giải cao c&oacute; hỗ trợ một c&aacute;ch tuyệt vời nhất.</p>\r\n\r\n<p><img alt=\"GEARVN ASUS Dual GeForce RTX 3060 White 8G GDDR6\" src=\"https://file.hstatic.net/1000026716/file/gearvn-asus-dual-geforce-rtx-3060-white-8g-gddr6-9_24aa78a5f4f243eda6d0545e5f6d13a3.png\" /></p>\r\n'),
(49, 19, 29, '( 1000W ) Nguồn CoolerMaster V1000 - 80 Plus Platinum - Full Modular', 6290000, 10, 8, 'nguon-coolermaster.png', '<ul>\r\n	<li>\r\n	<p>Chuẩn nguồn</p>\r\n\r\n	<p>80 Plus Platinum</p>\r\n	</li>\r\n	<li>\r\n	<p>K&iacute;ch cỡ nguồn</p>\r\n\r\n	<p>ATX</p>\r\n	</li>\r\n	<li>\r\n	<p>Khoảng gi&aacute;</p>\r\n\r\n	<p>4 triệu - 8 triệu</p>\r\n	</li>\r\n	<li>\r\n	<p>Kiểu d&acirc;y nguồn</p>\r\n\r\n	<p>Full Modular</p>\r\n	</li>\r\n	<li>\r\n	<p>M&agrave;u sắc</p>\r\n\r\n	<p>Đen</p>\r\n	</li>\r\n	<li>\r\n	<p>C&ocirc;ng suất</p>\r\n\r\n	<p>900W - 1000W</p>\r\n	</li>\r\n	<li>\r\n	<p>H&atilde;ng</p>\r\n\r\n	<p>Cooler Master</p>\r\n	</li>\r\n</ul>\r\n'),
(50, 19, 28, '( 1000W ) Nguồn Corsair RM1000e - 80 Plus Gold - Full Modular', 5990000, 10, 7, 'nguon-corsair.png', '<ul>\r\n	<li>\r\n	<h2><strong>Th&ocirc;ng số kỹ thuật:</strong></h2>\r\n\r\n	<table border=\"1\" cellpadding=\"3\" cellspacing=\"0\">\r\n		<tbody>\r\n			<tr>\r\n				<td>\r\n				<p><strong>Thương hiệu:</strong></p>\r\n				</td>\r\n				<td>\r\n				<p>Corsair</p>\r\n				</td>\r\n			</tr>\r\n			<tr>\r\n				<td>\r\n				<p><strong>Bảo h&agrave;nh:</strong></p>\r\n				</td>\r\n				<td>\r\n				<p>84 th&aacute;ng</p>\r\n				</td>\r\n			</tr>\r\n			<tr>\r\n				<td>\r\n				<p><strong>C&ocirc;ng suất tối đa:</strong></p>\r\n				</td>\r\n				<td>\r\n				<p>1000 W</p>\r\n				</td>\r\n			</tr>\r\n			<tr>\r\n				<td>\r\n				<p><strong>Số cổng cắm:</strong></p>\r\n				</td>\r\n				<td>\r\n				<p>Full-Modular</p>\r\n				</td>\r\n			</tr>\r\n			<tr>\r\n				<td>\r\n				<p><strong>Hiệu suất:</strong></p>\r\n				</td>\r\n				<td>\r\n				<p>80 Plus Gold</p>\r\n				</td>\r\n			</tr>\r\n			<tr>\r\n				<td>\r\n				<p><strong>Nguồn đầu v&agrave;o:</strong></p>\r\n				</td>\r\n				<td>\r\n				<p>100 - 240 V</p>\r\n				</td>\r\n			</tr>\r\n			<tr>\r\n				<td>\r\n				<p><strong>Chứng nhận bảo vệ:</strong></p>\r\n				</td>\r\n				<td>\r\n				<p>OVP (Over Voltage)<br />\r\n				UVP (Under Voltage)<br />\r\n				SCP (Short Circuit)<br />\r\n				OTP (Over Temp)<br />\r\n				OPP (Over Power)</p>\r\n				</td>\r\n			</tr>\r\n			<tr>\r\n				<td>\r\n				<p><strong>Hệ số c&ocirc;ng suất:</strong></p>\r\n				</td>\r\n				<td>\r\n				<p>80 Plus Gold</p>\r\n				</td>\r\n			</tr>\r\n			<tr>\r\n				<td>\r\n				<p><strong>Zero RPM Mode</strong></p>\r\n				</td>\r\n				<td>\r\n				<p>C&oacute;</p>\r\n				</td>\r\n			</tr>\r\n		</tbody>\r\n	</table>\r\n\r\n	<h2><strong>Đ&aacute;nh gi&aacute; chi tiết&nbsp;nguồn Corsair RM10</strong></h2>\r\n	</li>\r\n</ul>\r\n'),
(51, 19, 28, '( 1200W ) Nguồn Corsair HX1200 - 80 Plus Platinum - Full Modular', 7490000, 10, 6, 'nguon_corsair.png', '<p><strong>Th&ocirc;ng số kỹ thuật :&nbsp;</strong></p>\r\n\r\n<table border=\"1\" cellpadding=\"3\" cellspacing=\"0\">\r\n	<tbody>\r\n		<tr>\r\n			<td>Thương hiệu</td>\r\n			<td colspan=\"3\">Corsair</td>\r\n		</tr>\r\n		<tr>\r\n			<td>T&ecirc;n sản phẩm</td>\r\n			<td colspan=\"3\">( 1200W ) Nguồn Corsair HX1200 - 80 Plus Platinum - Full Modular</td>\r\n		</tr>\r\n		<tr>\r\n			<td>Tổng c&ocirc;ng suất</td>\r\n			<td colspan=\"3\">1200W</td>\r\n		</tr>\r\n		<tr>\r\n			<td>Bảo h&agrave;nh</td>\r\n			<td colspan=\"3\">120 Th&aacute;ng</td>\r\n		</tr>\r\n		<tr>\r\n			<td>Chuẩn 80 Plus</td>\r\n			<td colspan=\"3\" rowspan=\"1\">C&oacute; đạt chuẩn 80 Plus Platinum</td>\r\n		</tr>\r\n		<tr>\r\n			<td>Điện &aacute;p đầu v&agrave;o</td>\r\n			<td colspan=\"3\">100V - 240V</td>\r\n		</tr>\r\n		<tr>\r\n			<td>D&ograve;ng điện đầu v&agrave;o</td>\r\n			<td colspan=\"3\">13A - 6.5A</td>\r\n		</tr>\r\n		<tr>\r\n			<td>Tần số</td>\r\n			<td colspan=\"3\">47 - 63Hz</td>\r\n		</tr>\r\n		<tr>\r\n			<td>Kiểu nguồn</td>\r\n			<td colspan=\"3\" rowspan=\"1\">ATX</td>\r\n		</tr>\r\n		<tr>\r\n			<td>M&ocirc; đun th&aacute;o lắp</td>\r\n			<td colspan=\"3\" rowspan=\"1\">C&oacute; đầy đủ m&ocirc; đun</td>\r\n		</tr>\r\n		<tr>\r\n			<td>K&iacute;ch thước</td>\r\n			<td colspan=\"3\" rowspan=\"1\">150mm (W) x 86mm (H) x 200mm (220mm - Đ&atilde; cắm c&aacute;p) (L)</td>\r\n		</tr>\r\n		<tr>\r\n			<td>Trọng lượng</td>\r\n			<td colspan=\"3\" rowspan=\"1\">2.3 kg</td>\r\n		</tr>\r\n		<tr>\r\n			<td>Quạt l&agrave;m m&aacute;t</td>\r\n			<td>V&ograve;ng bi động chất lỏng</td>\r\n			<td colspan=\"2\" rowspan=\"1\">135mm</td>\r\n		</tr>\r\n		<tr>\r\n			<td>Độ bền hoạt động</td>\r\n			<td colspan=\"3\" rowspan=\"1\">100.000 giờ</td>\r\n		</tr>\r\n		<tr>\r\n			<td>Hỗ trợ đa GPU</td>\r\n			<td colspan=\"3\" rowspan=\"1\">C&oacute;</td>\r\n		</tr>\r\n		<tr>\r\n			<td>Chế độ Zero RPM</td>\r\n			<td colspan=\"3\" rowspan=\"1\">C&oacute;</td>\r\n		</tr>\r\n		<tr>\r\n			<td>Tương th&iacute;ch trạng th&aacute;i ngủ Intel C6C7</td>\r\n			<td colspan=\"3\" rowspan=\"1\">C&oacute;</td>\r\n		</tr>\r\n	</tbody>\r\n</table>\r\n');

-- --------------------------------------------------------

--
-- Cấu trúc bảng cho bảng `user`
--

CREATE TABLE `user` (
  `user_id` int(11) NOT NULL,
  `user_name` varchar(128) NOT NULL,
  `user_email` varchar(128) NOT NULL,
  `user_password` varchar(32) NOT NULL,
  `user_phone` varchar(32) NOT NULL,
  `user_address` varchar(50) NOT NULL,
  `role_id` int(11) NOT NULL
) ENGINE=InnoDB DEFAULT CHARSET=utf8mb4 COLLATE=utf8mb4_vietnamese_ci;

--
-- Đang đổ dữ liệu cho bảng `user`
--

INSERT INTO `user` (`user_id`, `user_name`, `user_email`, `user_password`, `user_phone`, `user_address`, `role_id`) VALUES
(6, 'Phạm Minh Khánh', 'khanhpham2783@gmail.com', '147852', '0848512395', 'Mỹ Tho', 0),
(10, 'admin', 'khanh020101056@tgu.edu.vn', '12345', '0847561778', 'Tiền Giang', 1),
(19, 'huyvo23', 'huy123@gmail.com', '123', '0123456789', 'Tiền Giang', 0),
(21, 'tandat', 'allin1double2@gmail.com', '123', '61616032320', '1313', 0),
(23, 'dat12', 'tandatnguyenduong@gmail.com', '123', '61616032320', '1313', 0),
(57, 'Võ Ngọc Gia Huy', 'HuyVo123@gmail.com', '123', '0818407937', 'Tiền Giang', 0),
(58, 'tandat722', 'tandat4643@gmail.com', '123', '0366951494', 'Tiền Giang', 0),
(60, 'tandat', 'allin1double2@gmail.com', '123', '61616032320', '1231', 0),
(61, 'Nguyễn Dương Tấn Đạt', 'datkute@gmail.com', '123', '012455158', 'Tiền Giang', 0),
(67, 'tandat', 'allin1double2@gmail.com', '123', '61616032320', 'Tiền Giang', 0);

--
-- Chỉ mục cho các bảng đã đổ
--

--
-- Chỉ mục cho bảng `brand`
--
ALTER TABLE `brand`
  ADD PRIMARY KEY (`brand_id`);

--
-- Chỉ mục cho bảng `cart`
--
ALTER TABLE `cart`
  ADD PRIMARY KEY (`cart_id`);

--
-- Chỉ mục cho bảng `cart_details`
--
ALTER TABLE `cart_details`
  ADD PRIMARY KEY (`cart_details_id`);

--
-- Chỉ mục cho bảng `category`
--
ALTER TABLE `category`
  ADD PRIMARY KEY (`category_id`);

--
-- Chỉ mục cho bảng `galery`
--
ALTER TABLE `galery`
  ADD PRIMARY KEY (`galery_id`);

--
-- Chỉ mục cho bảng `product`
--
ALTER TABLE `product`
  ADD PRIMARY KEY (`product_id`);

--
-- Chỉ mục cho bảng `user`
--
ALTER TABLE `user`
  ADD PRIMARY KEY (`user_id`);

--
-- AUTO_INCREMENT cho các bảng đã đổ
--

--
-- AUTO_INCREMENT cho bảng `brand`
--
ALTER TABLE `brand`
  MODIFY `brand_id` int(20) NOT NULL AUTO_INCREMENT, AUTO_INCREMENT=30;

--
-- AUTO_INCREMENT cho bảng `cart`
--
ALTER TABLE `cart`
  MODIFY `cart_id` int(11) NOT NULL AUTO_INCREMENT, AUTO_INCREMENT=138;

--
-- AUTO_INCREMENT cho bảng `cart_details`
--
ALTER TABLE `cart_details`
  MODIFY `cart_details_id` int(11) NOT NULL AUTO_INCREMENT, AUTO_INCREMENT=96;

--
-- AUTO_INCREMENT cho bảng `category`
--
ALTER TABLE `category`
  MODIFY `category_id` int(11) NOT NULL AUTO_INCREMENT, AUTO_INCREMENT=24;

--
-- AUTO_INCREMENT cho bảng `galery`
--
ALTER TABLE `galery`
  MODIFY `galery_id` int(11) NOT NULL AUTO_INCREMENT, AUTO_INCREMENT=67;

--
-- AUTO_INCREMENT cho bảng `product`
--
ALTER TABLE `product`
  MODIFY `product_id` int(11) NOT NULL AUTO_INCREMENT, AUTO_INCREMENT=52;

--
-- AUTO_INCREMENT cho bảng `user`
--
ALTER TABLE `user`
  MODIFY `user_id` int(11) NOT NULL AUTO_INCREMENT, AUTO_INCREMENT=68;
COMMIT;

/*!40101 SET CHARACTER_SET_CLIENT=@OLD_CHARACTER_SET_CLIENT */;
/*!40101 SET CHARACTER_SET_RESULTS=@OLD_CHARACTER_SET_RESULTS */;
/*!40101 SET COLLATION_CONNECTION=@OLD_COLLATION_CONNECTION */;
